"","p_val","avg_log2FC","pct.1","pct.2","p_val_adj","cluster","gene"
"Gm53236",0,0.466328337124395,1,1,0,"1","Gm53236"
"Mucl2",0,0.434280122998686,1,1,0,"1","Mucl2"
"Scgb2b26",3.68810404242779e-139,0.377840402076647,1,1,7.03284559850555e-135,"1","Scgb2b26"
"Scgb1b27",7.90434149142965e-131,0.292355153707318,1,1,1.50727887900072e-126,"1","Scgb1b27"
"Pip",5.88519891320947e-96,0.336566023974722,1,1,1.12224858075991e-91,"1","Pip"
"Tmsb4x",1.42836079571134e-58,0.26708531135246,0.998,0.995,2.72374120134196e-54,"1","Tmsb4x"
"Wfdc12",7.51734606216462e-24,0.2606436732519,0.982,0.979,1.43348272059417e-19,"1","Wfdc12"
"Ost4",1.29127566040479e-20,0.565343732424268,0.265,0.189,2.4623335568259e-16,"1","Ost4"
"Ndufa7",7.75569515954698e-18,0.425207478111882,0.427,0.354,1.47893350997401e-13,"1","Ndufa7"
"Uqcc2",1.4840501458923e-17,0.483441918103702,0.297,0.224,2.82993522320203e-13,"1","Uqcc2"
"Dcpp1",3.67240208306036e-16,0.497978549531054,0.309,0.237,7.00290353218781e-12,"1","Dcpp1"
"Mien1",1.17210106274091e-15,0.364037105566579,0.431,0.358,2.23507951654065e-11,"1","Mien1"
"Rps26",2.00444880499697e-15,0.28311571703626,0.785,0.817,3.82228342624872e-11,"1","Rps26"
"Tmem258",2.60310700397731e-15,0.354098685417801,0.329,0.254,4.96386474588433e-11,"1","Tmem258"
"Txndc17",9.69248799589291e-15,0.408247291317985,0.343,0.272,1.84826053593682e-10,"1","Txndc17"
"Ndufb10",2.06220928481587e-14,0.372343200242195,0.348,0.278,3.93242688521538e-10,"1","Ndufb10"
"Atp5mk",4.42770718449822e-13,0.369154905711827,0.361,0.295,8.44319483011965e-09,"1","Atp5mk"
"Mrpl53",2.68893217390434e-11,0.313863221102154,0.364,0.301,5.12752476241819e-07,"1","Mrpl53"
"Nop10",6.7163021738787e-10,0.282447995859914,0.345,0.287,1.28073166153693e-05,"1","Nop10"
"Bbln",7.38310342396403e-10,0.36589031883457,0.254,0.203,1.4078839919157e-05,"1","Bbln"
"Ndufab1",1.32135658508782e-09,0.379591519600204,0.275,0.224,2.51969487210396e-05,"1","Ndufab1"
"Mpc2",1.3377604487491e-09,0.270727341800441,0.497,0.449,2.55097539971966e-05,"1","Mpc2"
"Ndufb6",1.34604582427093e-09,0.296312607681518,0.338,0.28,2.56677478230224e-05,"1","Ndufb6"
"Mrps21",1.15299900764946e-08,0.283914954521366,0.326,0.274,0.000219865380768676,"1","Mrps21"
"Mrps14",1.87144170061552e-08,0.275634651605604,0.343,0.29,0.000356865217890373,"1","Mrps14"
"Mpc1",3.81361133994265e-08,0.267160137558812,0.319,0.269,0.000727217546413664,"1","Mpc1"
"Srp14",4.09901944124362e-08,0.278164418590712,0.307,0.258,0.000781642017250746,"1","Srp14"
"Hsd17b10",7.43983795470205e-08,0.283657397423645,0.254,0.208,0.00141870269958213,"1","Hsd17b10"
"Tmem223",9.87857549294519e-08,0.300625542210089,0.254,0.208,0.00188374556074972,"1","Tmem223"
"Higd2a",8.73426874692964e-07,0.259645046335659,0.261,0.218,0.0166553770735201,"1","Higd2a"
"Atf3",0,2.72263687007012,0.913,0.26,0,"2","Atf3"
"Zfp36",0,3.00009814208313,0.799,0.155,0,"2","Zfp36"
"Egr1",0,2.77419851049193,0.741,0.139,0,"2","Egr1"
"Junb",0,2.7782857540693,0.958,0.359,0,"2","Junb"
"Ier2",0,2.56191328944271,0.869,0.278,0,"2","Ier2"
"Dusp1",0,2.61896457379129,0.693,0.154,0,"2","Dusp1"
"Fos",0,2.50456286044247,0.969,0.448,0,"2","Fos"
"Klf6",0,2.66077382398628,0.65,0.13,0,"2","Klf6"
"Fosb",0,2.75915515014374,0.601,0.114,0,"2","Fosb"
"Mt1",0,2.45192227243346,0.692,0.207,0,"2","Mt1"
"Pdk4",0,3.0908811130534,0.561,0.09,0,"2","Pdk4"
"Jun",0,2.26472925755911,0.98,0.513,0,"2","Jun"
"Hes1",0,2.19816650203988,0.599,0.162,0,"2","Hes1"
"Btg2",0,2.25483044013579,0.975,0.544,0,"2","Btg2"
"Gadd45g",0,2.26949919946621,0.596,0.17,0,"2","Gadd45g"
"Cebpd",0,2.93423298040339,0.449,0.075,0,"2","Cebpd"
"Bhlhe40",0,2.32701812270888,0.423,0.094,0,"2","Bhlhe40"
"Ppp1r15a",0,2.48352086615611,0.407,0.079,0,"2","Ppp1r15a"
"Jund",0,1.73387898099926,0.969,0.652,0,"2","Jund"
"Socs3",0,3.05988389128816,0.317,0.04,0,"2","Socs3"
"Ubc",0,1.502190243396,0.95,0.714,0,"2","Ubc"
"H3f3b",0,1.65996785626716,0.976,0.808,0,"2","H3f3b"
"Actg1",0,1.30704349313727,0.963,0.796,0,"2","Actg1"
"Ier3",1.77590312423176e-315,2.64104942434007,0.393,0.084,0,"2","Ier3"
"Irf1",8.85732396900567e-311,2.63673825479587,0.366,0.072,0,"2","Irf1"
"Zfp36l1",1.20471108901646e-305,2.03237697878713,0.506,0.148,0,"2","Zfp36l1"
"Sbno2",2.2086272428028e-299,2.42465183899125,0.394,0.087,4.21163128930065e-295,"2","Sbno2"
"Bzw2",1.46284529150011e-294,2.01878185566086,0.494,0.143,2.78949968636157e-290,"2","Bzw2"
"Actb",1.01454555538749e-271,1.42924509174694,0.838,0.539,1.9346369195684e-267,"2","Actb"
"Cebpb",5.55221369972693e-264,1.73393313120632,0.568,0.208,1.05875163040093e-259,"2","Cebpb"
"Ifrd1",4.03054792330316e-255,1.40695803317206,0.812,0.471,7.6858518349468e-251,"2","Ifrd1"
"Txnip",2.43724655757044e-251,1.9190745142091,0.475,0.153,4.64758546063107e-247,"2","Txnip"
"Tacc2",1.90862165666544e-248,1.54358080211775,0.753,0.409,3.63955063709532e-244,"2","Tacc2"
"Hspa8",3.07214034662204e-241,1.2404087274657,0.813,0.508,5.85826442697356e-237,"2","Hspa8"
"Stat3",1.85268962492444e-240,1.95590536098309,0.418,0.119,3.53289384576841e-236,"2","Stat3"
"Tcim",1.19751824022549e-219,1.66530849897698,0.473,0.161,2.28354753228599e-215,"2","Tcim"
"Gpcpd1",1.04512394912116e-217,1.58079533121596,0.609,0.264,1.99294685857913e-213,"2","Gpcpd1"
"Nfkbia",1.35648141920487e-217,1.93898243582849,0.421,0.134,2.58667441828177e-213,"2","Nfkbia"
"Litaf",2.46000686708255e-217,2.0239344591103,0.347,0.09,4.69098709483972e-213,"2","Litaf"
"Nfkbiz",1.2148454115668e-216,2.04365055336668,0.342,0.087,2.31658871531672e-212,"2","Nfkbiz"
"Eef1a1",5.39991038162306e-202,0.613914816011261,1,0.992,1.0297089106717e-197,"2","Eef1a1"
"Hspa1a",8.45262895253085e-202,2.32131610174846,0.321,0.084,1.61183181495811e-197,"2","Hspa1a"
"Krt8",8.606518854411e-201,1.41797308967153,0.689,0.375,1.64117708034763e-196,"2","Krt8"
"Acox1",1.6219131501962e-196,1.71422021692521,0.414,0.136,3.09282618610914e-192,"2","Acox1"
"Rplp0",2.10374462668328e-183,0.610765223523304,1,0.994,4.01163062862234e-179,"2","Rplp0"
"Nr4a1",6.21915447290277e-176,1.48779003984023,0.411,0.143,1.18593056643783e-171,"2","Nr4a1"
"Ddx3x",1.42091472800714e-173,1.32754837697461,0.526,0.226,2.70954229483682e-169,"2","Ddx3x"
"Mcl1",5.60313090964343e-171,1.75612927260201,0.36,0.117,1.0684610331599e-166,"2","Mcl1"
"Gm38485",3.34070106767222e-170,2.1379385460288,0.268,0.066,6.37038286594415e-166,"2","Gm38485"
"Pnrc1",5.055967961231e-168,1.27336953059886,0.601,0.304,9.64122530527139e-164,"2","Pnrc1"
"Csrp1",8.03904962003515e-166,1.89375955682238,0.379,0.133,1.5329663720445e-161,"2","Csrp1"
"Gm38733",7.07171371598572e-165,1.73962496502084,0.425,0.167,1.34850508850132e-160,"2","Gm38733"
"Chka",2.36019322482553e-163,1.61286830765442,0.512,0.228,4.5006524604198e-159,"2","Chka"
"H2-D1",4.65616052414838e-162,1.26011548122287,0.689,0.412,8.87883250349854e-158,"2","H2-D1"
"Rps4x",6.44559358091961e-162,0.490762321225913,0.998,0.987,1.22911023994556e-157,"2","Rps4x"
"Pim3",4.73637284160571e-161,1.27057315985758,0.546,0.249,9.03178937165793e-157,"2","Pim3"
"Krt18",9.54858307924578e-157,0.880896983974826,0.914,0.796,1.82081930738138e-152,"2","Krt18"
"Sox9",8.26727713355428e-150,1.24658143227327,0.474,0.201,1.57648707659747e-145,"2","Sox9"
"Azin1",3.94457517703627e-148,1.19164818477682,0.562,0.273,7.52191040509046e-144,"2","Azin1"
"Sdc4",1.04852847921417e-147,1.29626455144264,0.515,0.237,1.9994389570135e-143,"2","Sdc4"
"Rhob",1.12785736619143e-143,1.89805854750445,0.26,0.072,2.15071121159044e-139,"2","Rhob"
"Ier5",1.3478783145633e-143,1.95687783173767,0.252,0.068,2.57026915804075e-139,"2","Ier5"
"Trp53inp1",1.19087153810012e-136,1.76490101775469,0.345,0.127,2.27087293600312e-132,"2","Trp53inp1"
"Hsp90ab1",1.81573043612297e-134,0.74956969019371,0.887,0.735,3.4624163686429e-130,"2","Hsp90ab1"
"Rps2",7.66153843604967e-134,0.578881836888647,0.988,0.961,1.46097876437031e-129,"2","Rps2"
"Itm2b",1.35406000056397e-133,0.858288461053482,0.807,0.603,2.58205701507543e-129,"2","Itm2b"
"Pik3r1",1.00141057448747e-132,1.00056459845106,0.568,0.287,1.90958982449015e-128,"2","Pik3r1"
"Aqp5",4.71667908420464e-132,0.729007407982166,0.987,0.968,8.99423534566983e-128,"2","Aqp5"
"Clic4",8.82013732138027e-132,1.1087079505358,0.515,0.245,1.681911985814e-127,"2","Clic4"
"Hsp90aa1",5.32665962863622e-131,1.30338563631371,0.425,0.181,1.01574072458464e-126,"2","Hsp90aa1"
"Ralgds",7.59310127364576e-131,1.7526562930934,0.267,0.081,1.44792848187151e-126,"2","Ralgds"
"Arih1",3.17562253699587e-130,1.31420849022215,0.413,0.171,6.05559461579742e-126,"2","Arih1"
"Hspa1b",9.50966062216185e-128,1.86652828220706,0.268,0.085,1.81339718404004e-123,"2","Hspa1b"
"Id2",2.97125633547952e-124,1.07023529946493,0.626,0.372,5.66588870612589e-120,"2","Id2"
"Cited4",8.54998669381217e-124,1.09875614176005,0.599,0.333,1.63039696264304e-119,"2","Cited4"
"Bag3",1.34543237526408e-123,1.78931553765048,0.264,0.083,2.56560499639107e-119,"2","Bag3"
"H2-K1",1.92259909122455e-121,1.31020639052027,0.58,0.334,3.6662042070561e-117,"2","H2-K1"
"Dnaja1",7.43204334905869e-121,1.42978899101044,0.383,0.162,1.417216346232e-116,"2","Dnaja1"
"4930523C07Rik",3.01327663817196e-120,1.62458229004886,0.284,0.096,5.74601722133011e-116,"2","4930523C07Rik"
"Klf9",5.71335914661069e-119,1.19622198734623,0.431,0.195,1.08948045566719e-114,"2","Klf9"
"Errfi1",1.18218140765709e-117,1.19591072499062,0.44,0.198,2.25430172626131e-113,"2","Errfi1"
"Ubb",1.3184687795839e-112,0.940577325618399,0.653,0.409,2.51418811578855e-108,"2","Ubb"
"Irs2",1.32701759846312e-110,1.33971921200294,0.307,0.113,2.53048985850932e-106,"2","Irs2"
"Jak1",1.14465630007658e-107,1.52013489486769,0.348,0.146,2.18274509861603e-103,"2","Jak1"
"Aopep",6.8037106348036e-106,1.02901825566795,0.461,0.223,1.2973995809507e-101,"2","Aopep"
"Rpl8",8.64770172590536e-106,0.511245106305331,0.994,0.987,1.64903024211289e-101,"2","Rpl8"
"Lmna",1.20831956546294e-105,1.27993059342145,0.387,0.172,2.30414457938128e-101,"2","Lmna"
"Slc66a2",3.70521793822472e-104,1.17331402931835,0.391,0.177,7.06548008640072e-100,"2","Slc66a2"
"Fth1",1.59691013916566e-103,0.509803577333823,0.984,0.967,3.04514794437499e-99,"2","Fth1"
"Arf4",3.07642908965055e-102,0.889741514943824,0.642,0.397,5.86644263105463e-98,"2","Arf4"
"Tmed10",3.55285823146897e-102,0.957510038163602,0.513,0.268,6.77494536158818e-98,"2","Tmed10"
"Hivep2",1.05948615509446e-101,1.30911391804141,0.318,0.126,2.02033414914962e-97,"2","Hivep2"
"Saraf",2.87530629954185e-101,0.923309060368817,0.593,0.346,5.48292158259635e-97,"2","Saraf"
"Phlda1",1.8548713644384e-100,0.533592502142889,0.949,0.894,3.53705420484758e-96,"2","Phlda1"
"Atp2a2",1.02238082827018e-98,1.01370556134127,0.61,0.373,1.9495780014284e-94,"2","Atp2a2"
"Ptma",1.15083474967721e-97,0.449454506294144,0.889,0.78,2.19452678415948e-93,"2","Ptma"
"Eif1",2.11269857452195e-97,0.497857563978389,0.919,0.854,4.02870491175591e-93,"2","Eif1"
"Foxo3",2.14974109345099e-97,1.45179298814323,0.295,0.116,4.09934129110168e-93,"2","Foxo3"
"Tpm3",1.19257441863652e-96,1.43244720743275,0.276,0.104,2.27412015889798e-92,"2","Tpm3"
"Aldh2",2.28527828721807e-96,1.01017035605286,0.513,0.283,4.35779716589613e-92,"2","Aldh2"
"Slc38a2",8.29100427102329e-96,1.12639478213529,0.409,0.195,1.58101160444143e-91,"2","Slc38a2"
"Rpl9",3.14189365230612e-95,0.398624307060467,0.995,0.986,5.99127700558255e-91,"2","Rpl9"
"Bsdc1",7.36718667730051e-95,1.24869734177863,0.313,0.129,1.40484882749443e-90,"2","Bsdc1"
"Glul",1.13344909366858e-94,1.21007876845965,0.379,0.175,2.16137407671662e-90,"2","Glul"
"Nabp1",8.32988077462674e-94,1.48322514815763,0.263,0.098,1.58842496491357e-89,"2","Nabp1"
"B4galt1",1.23184935848595e-93,1.04833576344408,0.409,0.197,2.34901354169685e-89,"2","B4galt1"
"Tob1",4.78770915297871e-92,0.894573059503413,0.421,0.204,9.12968258381511e-88,"2","Tob1"
"Arf1",8.62574331545391e-92,0.872258636838372,0.573,0.338,1.64484299282391e-87,"2","Arf1"
"Slc25a3",1.24730482263921e-91,0.679738397077598,0.802,0.627,2.37848556629071e-87,"2","Slc25a3"
"Zfand5",1.46869230424816e-90,1.02730331336689,0.416,0.205,2.80064935497081e-86,"2","Zfand5"
"Herpud1",2.20908820311028e-90,0.815049116478806,0.707,0.498,4.212510294511e-86,"2","Herpud1"
"H3f3a",4.30862540841428e-90,0.793206564418682,0.625,0.401,8.21611779130518e-86,"2","H3f3a"
"Rgcc",2.0425235304597e-89,0.847093405410757,0.705,0.518,3.89488812023359e-85,"2","Rgcc"
"Ndfip1",4.16731791467373e-89,0.922004875051197,0.492,0.269,7.94665853149134e-85,"2","Ndfip1"
"Cldn3",7.32137337241048e-88,0.902457855359543,0.523,0.298,1.39611268838495e-83,"2","Cldn3"
"Rpl3",3.43476296625109e-87,0.524191532846836,0.911,0.85,6.54974950034419e-83,"2","Rpl3"
"Mbnl2",1.01885324932316e-86,0.620824552486326,0.759,0.541,1.94285126113433e-82,"2","Mbnl2"
"Gnb2",5.2755669860769e-86,0.76104970639416,0.667,0.444,1.005997868575e-81,"2","Gnb2"
"Taldo1",1.64443544167052e-85,0.647634421445314,0.857,0.732,3.13577394372151e-81,"2","Taldo1"
"Clk1",4.78941220819652e-85,1.10684624247777,0.311,0.133,9.13293013980995e-81,"2","Clk1"
"Ube2b",6.81898161727917e-85,0.898303795589743,0.439,0.225,1.30031160459896e-80,"2","Ube2b"
"Rpl13",5.38525104398301e-84,0.463643379996802,0.991,0.983,1.02691352157712e-79,"2","Rpl13"
"Csnk1a1",5.82081450105417e-84,0.782512572383706,0.514,0.282,1.10997111720602e-79,"2","Csnk1a1"
"Gapdh",7.55382894226573e-84,0.997050114274824,0.459,0.252,1.44043964100065e-79,"2","Gapdh"
"P2rx4",1.00916750031667e-83,0.857405392045008,0.51,0.286,1.92438150635386e-79,"2","P2rx4"
"Crip2",1.51439546211882e-83,0.884108734723249,0.5,0.281,2.88780070671438e-79,"2","Crip2"
"Rpl10",2.8910729732082e-83,0.390342074820566,0.991,0.982,5.51298705261072e-79,"2","Rpl10"
"Arhgef38",8.72930768260658e-83,1.2998985741412,0.278,0.113,1.66459168199625e-78,"2","Arhgef38"
"Rpl27a",1.23022169601202e-82,0.391377617754307,0.984,0.969,2.34590975212531e-78,"2","Rpl27a"
"Ube2h",5.58205279669635e-82,0.899977558989512,0.431,0.222,1.06444164780203e-77,"2","Ube2h"
"Rnh1",5.27374512457678e-81,1.11293714294067,0.371,0.182,1.00565045780555e-76,"2","Rnh1"
"Uck2",8.86795341946407e-81,1.27893060320471,0.265,0.107,1.6910300375576e-76,"2","Uck2"
"Hk2",1.30759812278428e-80,1.15956850518048,0.308,0.135,2.49345886033734e-76,"2","Hk2"
"Slc3a2",5.40883775360054e-80,1.01252326685063,0.407,0.208,1.03141127123409e-75,"2","Slc3a2"
"Krt23",6.49541131578202e-80,0.962115088425349,0.382,0.19,1.23860998380647e-75,"2","Krt23"
"Tspo",1.39207457629594e-79,0.945143360121476,0.471,0.267,2.65454700953874e-75,"2","Tspo"
"Cyc1",1.72088839166026e-79,0.909924966358364,0.466,0.258,3.28156207405695e-75,"2","Cyc1"
"Pebp1",5.93845523207034e-79,0.886316162426454,0.508,0.295,1.13240402820349e-74,"2","Pebp1"
"Myo1e",7.97985420293617e-79,1.08421723039532,0.359,0.174,1.5216783979579e-74,"2","Myo1e"
"Rps3a1",9.2552764890696e-79,0.333483655186833,0.993,0.982,1.76488867370068e-74,"2","Rps3a1"
"Eif3f",3.14019255123539e-78,0.955710362666801,0.445,0.243,5.98803317595077e-74,"2","Eif3f"
"Rps5",5.12323609944985e-78,0.409224324960417,0.985,0.962,9.76949891804093e-74,"2","Rps5"
"Tanc1",5.27945627157252e-78,1.12083582163147,0.346,0.164,1.00673951642616e-73,"2","Tanc1"
"Ldha",8.93665918531836e-78,1.21859290173027,0.32,0.15,1.70413154004836e-73,"2","Ldha"
"Entpd3",1.1127143040055e-77,1.11009208661461,0.317,0.143,2.12183490630808e-73,"2","Entpd3"
"Sdcbp",8.9655637541676e-77,0.923146599038504,0.393,0.201,1.70964335228222e-72,"2","Sdcbp"
"Nfil3",5.77924676029368e-76,0.993034396063746,0.337,0.158,1.1020445647204e-71,"2","Nfil3"
"Clcn3",2.79506083690146e-75,0.981642711490264,0.429,0.231,5.3299015098874e-71,"2","Clcn3"
"Slc25a5",8.50525210354385e-75,0.63218358172902,0.77,0.599,1.62186652362478e-70,"2","Slc25a5"
"Pitpnc1",6.52922289717963e-74,0.801927002942394,0.403,0.208,1.24505751426318e-69,"2","Pitpnc1"
"Cd82",1.08733924861511e-73,0.822010214651367,0.479,0.27,2.07344721318416e-69,"2","Cd82"
"Larp4",2.31583309253852e-72,0.786383134740113,0.414,0.219,4.4160621241617e-68,"2","Larp4"
"Gpr155",2.88190747808026e-72,0.833421642230497,0.512,0.305,5.49550936995124e-68,"2","Gpr155"
"Shroom3",4.62336703044455e-72,0.724989772119035,0.471,0.259,8.81629859035471e-68,"2","Shroom3"
"Gabarapl1",5.22154442150978e-72,1.24198346020488,0.275,0.122,9.95696305737699e-68,"2","Gabarapl1"
"Gm36553",7.87176309016716e-72,1.17363262863414,0.31,0.146,1.50106650366398e-67,"2","Gm36553"
"Tpt1",2.75348254788679e-71,0.257341736275011,1,1,5.25061587056533e-67,"2","Tpt1"
"Ube2d3",5.08463284982276e-71,0.897150853358348,0.378,0.194,9.69588638132703e-67,"2","Ube2d3"
"Atf4",1.14260733439089e-70,0.857053923603865,0.4,0.212,2.17883792594999e-66,"2","Atf4"
"Vdac2",1.27693317589236e-70,0.837086944533147,0.457,0.26,2.43498387310914e-66,"2","Vdac2"
"Ftl1",2.28494706102203e-70,0.569086602699353,0.814,0.699,4.35716555066292e-66,"2","Ftl1"
"Tubb4b",2.85337842678348e-70,0.686130355591297,0.448,0.252,5.44110732203343e-66,"2","Tubb4b"
"Tgoln1",3.20074896005798e-70,1.16102927064431,0.27,0.118,6.10350819193457e-66,"2","Tgoln1"
"Lamp1",8.03626449001596e-70,0.734886510685376,0.548,0.337,1.53243527560114e-65,"2","Lamp1"
"Smco4",1.38565761221418e-69,0.428245367852593,0.958,0.924,2.64231050073122e-65,"2","Smco4"
"Clpx",2.19291265306722e-69,0.991901702518248,0.334,0.162,4.18166513813388e-65,"2","Clpx"
"Calm2",3.48286600119229e-69,0.4684429517302,0.88,0.797,6.64147717767358e-65,"2","Calm2"
"Myl6",3.89295585425637e-69,0.787399053987844,0.536,0.336,7.42347751848147e-65,"2","Myl6"
"Ube2s",5.62692483962961e-69,0.760146059533402,0.355,0.179,1.07299829766897e-64,"2","Ube2s"
"Rps9",7.30339823216533e-69,0.40795073391628,0.961,0.934,1.39268500889161e-64,"2","Rps9"
"Rpl18",1.51381518571608e-68,0.377633548402368,0.983,0.967,2.886694177642e-64,"2","Rpl18"
"Iqgap1",1.69379585371854e-68,1.16571669501155,0.251,0.107,3.22989931345589e-64,"2","Iqgap1"
"Ctsh",2.8444574043212e-68,0.946968819531249,0.396,0.215,5.42409582430009e-64,"2","Ctsh"
"Rpl10a",7.44312837061882e-68,0.414066949035254,0.951,0.899,1.4193301489933e-63,"2","Rpl10a"
"Rab5if",2.54914224149112e-67,0.764663397691875,0.45,0.254,4.86095934029942e-63,"2","Rab5if"
"Eif4ebp1",8.08882426658509e-67,0.63086507970413,0.724,0.548,1.54245789939511e-62,"2","Eif4ebp1"
"Sat1",2.02322858488891e-66,1.04495871780951,0.388,0.21,3.85809458852466e-62,"2","Sat1"
"Dcxr",3.67557599789079e-66,1.01960677036085,0.324,0.16,7.00895587037794e-62,"2","Dcxr"
"Rps3",5.27788644462107e-66,0.349460174030165,0.983,0.965,1.00644016612479e-61,"2","Rps3"
"Tmem59",6.46470427817843e-66,0.792594282907582,0.514,0.316,1.23275445880585e-61,"2","Tmem59"
"Cd24a",7.90913886153561e-66,0.5803637605806,0.684,0.492,1.50819368950623e-61,"2","Cd24a"
"Ddx5",9.30040722492544e-66,0.498034941917063,0.687,0.473,1.77349465372103e-61,"2","Ddx5"
"Ccng1",1.72843773429598e-65,0.986201783582428,0.333,0.168,3.295957915529e-61,"2","Ccng1"
"Ctsl",2.16901082480993e-65,0.886969001782734,0.445,0.26,4.13608674183006e-61,"2","Ctsl"
"Hspe1",2.49890067703198e-65,0.872384950964372,0.43,0.244,4.76515370103228e-61,"2","Hspe1"
"Rack1",1.23703356950901e-64,0.543438054573557,0.885,0.82,2.35889931369673e-60,"2","Rack1"
"Arpc1b",2.74425739477676e-64,1.30173497326877,0.264,0.123,5.2330244260998e-60,"2","Arpc1b"
"Tmed9",3.28793796757573e-64,0.691086186630086,0.733,0.586,6.26976891037016e-60,"2","Tmed9"
"Eif4g2",4.47938241035664e-64,0.621668815347771,0.613,0.406,8.54173431830907e-60,"2","Eif4g2"
"Atp5f1c",5.13900244486056e-64,0.642967684388756,0.602,0.403,9.79956376210461e-60,"2","Atp5f1c"
"Fkbp4",1.48292992269977e-63,0.681816317017875,0.563,0.359,2.8277990695962e-59,"2","Fkbp4"
"Sod2",2.72899590319742e-63,0.643575325730035,0.655,0.463,5.20392228780715e-59,"2","Sod2"
"Npm1",3.18519452604079e-63,0.698015618463307,0.534,0.337,6.07384744170718e-59,"2","Npm1"
"Mcfd2",1.27392523804523e-62,0.767234432193964,0.462,0.272,2.42924803642846e-58,"2","Mcfd2"
"Lnx1",1.29907365931218e-62,0.921981265443556,0.316,0.157,2.47720356094239e-58,"2","Lnx1"
"Npdc1",3.63040154869002e-62,0.688831361151533,0.648,0.469,6.922812713197e-58,"2","Npdc1"
"Ndufv1",7.78499245650013e-62,0.927833156465135,0.378,0.208,1.48452021153001e-57,"2","Ndufv1"
"Rpl23",7.86565421700395e-62,0.280356786851721,0.996,0.996,1.49990160264048e-57,"2","Rpl23"
"Ell2",1.09834672833928e-61,0.778037655614816,0.395,0.215,2.09443737627017e-57,"2","Ell2"
"Clta",2.70723374564275e-61,0.785145583596369,0.464,0.28,5.16242402956615e-57,"2","Clta"
"Mdh2",1.22923007868718e-60,0.874585277326901,0.372,0.202,2.34401883704859e-56,"2","Mdh2"
"Sumo1",1.34404473093827e-60,1.02382100097744,0.288,0.14,2.56295889742619e-56,"2","Sumo1"
"Eif5",2.2384884801051e-60,0.642368751530536,0.523,0.326,4.26857368271242e-56,"2","Eif5"
"Uqcrc1",3.37129829492355e-60,0.889282814032423,0.378,0.209,6.42872871858972e-56,"2","Uqcrc1"
"Csde1",1.51763506423594e-59,0.729380722867443,0.388,0.211,2.89397830399152e-55,"2","Csde1"
"Atp5f1a",2.07506972222355e-59,0.617323771703717,0.702,0.53,3.95695045330809e-55,"2","Atp5f1a"
"Eif4a1",9.79413135822732e-59,0.756075639819204,0.466,0.283,1.86764290870037e-54,"2","Eif4a1"
"Aco2",1.12306290923979e-58,0.853643505965649,0.359,0.194,2.14156866162936e-54,"2","Aco2"
"Hnrnpf",1.27302796900039e-58,0.849015102730269,0.382,0.214,2.42753703408684e-54,"2","Hnrnpf"
"Cdc42",1.53514245870875e-58,1.00699132200614,0.296,0.149,2.92736315451171e-54,"2","Cdc42"
"Gnas",1.80487921300454e-58,0.463408884882645,0.871,0.805,3.44172417127836e-54,"2","Gnas"
"Map1lc3b",2.48302885338369e-58,0.635433487313885,0.586,0.397,4.73488772051736e-54,"2","Map1lc3b"
"Ywhaz",2.48996287328105e-58,0.913119952271956,0.302,0.151,4.74811020305963e-54,"2","Ywhaz"
"Btf3",2.67746870743812e-58,0.685868887628732,0.545,0.361,5.10566507821374e-54,"2","Btf3"
"Brd2",5.11356267831376e-58,0.927373837427587,0.281,0.135,9.75105267127652e-54,"2","Brd2"
"Kcnn4",7.15859700878021e-58,0.568264487251142,0.88,0.833,1.3650728636043e-53,"2","Kcnn4"
"Atp1b1",3.318911860031e-57,0.455320774811744,0.84,0.736,6.32883302589312e-53,"2","Atp1b1"
"Dhrs7",4.57440863645276e-57,0.683571653862207,0.478,0.292,8.72293982885177e-53,"2","Dhrs7"
"Rps11",4.84366672229016e-57,0.360889490919535,0.959,0.932,9.2363880727351e-53,"2","Rps11"
"Neat1",5.6186164410043e-57,0.405964459555017,0.796,0.633,1.07141396913511e-52,"2","Neat1"
"Arpc1a",7.28371467076397e-57,0.593559466526597,0.483,0.293,1.38893155056798e-52,"2","Arpc1a"
"Cracr2b",7.97992622713567e-57,0.739851374394727,0.421,0.244,1.5216921322525e-52,"2","Cracr2b"
"Asns",9.74424491298001e-57,0.586857107298635,0.646,0.452,1.85813006245616e-52,"2","Asns"
"Psap",1.12520451272093e-56,0.816362442000015,0.423,0.25,2.14565248530754e-52,"2","Psap"
"Tra2b",1.99700368472271e-56,0.896856070203949,0.293,0.147,3.80808632639773e-52,"2","Tra2b"
"Ephx1",2.53208049710158e-56,0.817243135621718,0.346,0.184,4.828424299923e-52,"2","Ephx1"
"Fam13a",2.57350363520395e-56,1.02772705329731,0.398,0.233,4.90741408197041e-52,"2","Fam13a"
"Jmjd1c",3.57043655657004e-56,0.868993930390805,0.292,0.145,6.80846546972342e-52,"2","Jmjd1c"
"Rps10",7.1611601131862e-56,0.258850529020752,0.996,0.986,1.36556162198348e-51,"2","Rps10"
"Rps16",8.85380300562365e-56,0.317439751964815,0.976,0.969,1.68833169514237e-51,"2","Rps16"
"Eif3i",9.85050848385184e-56,0.727523514782755,0.442,0.264,1.87839346278571e-51,"2","Eif3i"
"Gde1",2.93150986896357e-55,0.695152517582548,0.577,0.396,5.59009616912663e-51,"2","Gde1"
"Ormdl3",4.79312225322505e-55,1.07257001216008,0.256,0.123,9.14000482467485e-51,"2","Ormdl3"
"Hspd1",6.40313409361058e-55,0.975249544327745,0.3,0.155,1.2210136403106e-50,"2","Hspd1"
"Rab3d",6.56653267438514e-55,0.890256618552505,0.348,0.192,1.2521721156785e-50,"2","Rab3d"
"Srm",6.91630893284478e-55,0.902061208398918,0.326,0.174,1.31887095040417e-50,"2","Srm"
"Rpsa",8.66780117365559e-55,0.380808693396591,0.977,0.972,1.65286300580439e-50,"2","Rpsa"
"Rpl18a",1.10170492563776e-54,0.316044026427039,0.979,0.971,2.10084112269865e-50,"2","Rpl18a"
"Ybx1",1.22533261873898e-54,0.838927105409136,0.348,0.192,2.33658677067337e-50,"2","Ybx1"
"Ctnnd1",1.28406066500703e-54,0.822792416745544,0.316,0.165,2.44857528210191e-50,"2","Ctnnd1"
"Bckdk",1.32252188679399e-54,0.800927620465386,0.397,0.232,2.52191698592746e-50,"2","Bckdk"
"Akr1a1",1.39170366111046e-54,0.842899833291157,0.38,0.219,2.65383971137153e-50,"2","Akr1a1"
"Kcnk1",1.39840392096792e-54,0.826130117937456,0.393,0.227,2.66661643689374e-50,"2","Kcnk1"
"Arl1",1.58258877325732e-54,0.806169004482745,0.375,0.212,3.01783853172439e-50,"2","Arl1"
"Cd9",1.97083486677299e-54,0.499106318269339,0.844,0.766,3.75818500744941e-50,"2","Cd9"
"Arfgap3",2.44354369681462e-54,0.606741269259004,0.475,0.285,4.65959347545579e-50,"2","Arfgap3"
"Mrfap1",4.07272088695683e-54,0.753968167282708,0.392,0.227,7.76627145933798e-50,"2","Mrfap1"
"Cox4i1",4.43913609251123e-54,0.399090056339573,0.903,0.856,8.46498861480966e-50,"2","Cox4i1"
"Phgdh",6.58962505868497e-54,0.864679703197419,0.377,0.216,1.25657560244064e-49,"2","Phgdh"
"Snrpb",1.14657691351952e-53,0.855716763372988,0.328,0.176,2.18640751639038e-49,"2","Snrpb"
"Atf6",1.38890054836913e-53,0.951881682416488,0.255,0.122,2.64849445568509e-49,"2","Atf6"
"Rpl15",1.40621488407649e-53,0.331966682474689,0.955,0.933,2.68151116244545e-49,"2","Rpl15"
"Fau",1.54790411385023e-53,0.325183604108757,0.992,0.984,2.951698354701e-49,"2","Fau"
"Idh2",2.13391186693925e-53,0.814277950366516,0.376,0.215,4.06915653906646e-49,"2","Idh2"
"Tpi1",2.3801327485439e-53,0.642628433983417,0.55,0.369,4.53867513819836e-49,"2","Tpi1"
"Txndc5",3.47880707708537e-53,0.612058840113467,0.505,0.319,6.63373721529409e-49,"2","Txndc5"
"Phb2",5.5077272861696e-53,0.814961294640483,0.345,0.19,1.05026851619968e-48,"2","Phb2"
"Spag9",7.63025103826858e-53,0.706587328657765,0.399,0.229,1.45501257048744e-48,"2","Spag9"
"Napa",9.51710929694876e-53,0.775716219367792,0.371,0.21,1.81481757183516e-48,"2","Napa"
"Chmp4b",1.47025154946866e-52,1.02057534147379,0.267,0.134,2.80362267968178e-48,"2","Chmp4b"
"Tmem176a",2.22209015850725e-52,1.00169288833933,0.651,0.546,4.23730372325748e-48,"2","Tmem176a"
"Tor2a",2.77053264478196e-52,1.02601844312531,0.263,0.131,5.28312870033473e-48,"2","Tor2a"
"Pkm",4.89199201631446e-52,1.02492914685026,0.269,0.135,9.32853957591005e-48,"2","Pkm"
"Imp3",5.98149657453438e-52,0.745147039547097,0.386,0.223,1.14061158179796e-47,"2","Imp3"
"Arl4a",5.9879909630973e-52,0.756279401474549,0.416,0.247,1.14184999675302e-47,"2","Arl4a"
"Ech1",6.2810405165564e-52,0.913124881689308,0.315,0.17,1.19773161610214e-47,"2","Ech1"
"Mir703",1.3245402361523e-51,0.923209905338787,0.309,0.165,2.52576577631882e-47,"2","Mir703"
"Rps15a",1.39073566327871e-51,0.394515498048221,0.886,0.848,2.65199383630617e-47,"2","Rps15a"
"Akap13",2.25424136506688e-51,0.643379700301677,0.448,0.271,4.29861285904604e-47,"2","Akap13"
"Laptm4a",2.50357083923357e-51,0.611477841282102,0.512,0.332,4.7740592333345e-47,"2","Laptm4a"
"Folr1",5.56665763417621e-51,0.749879511787114,0.498,0.332,1.06150594426106e-46,"2","Folr1"
"Ubn1",1.06580979230131e-50,0.960814318061433,0.263,0.13,2.03239269293937e-46,"2","Ubn1"
"Gdf5",1.28557649104586e-50,0.979297357205615,0.267,0.134,2.45146581077535e-46,"2","Gdf5"
"Atp5f1b",1.97047070368287e-50,0.531519687414248,0.833,0.743,3.75749058485287e-46,"2","Atp5f1b"
"Itpkb",2.22888012227556e-50,0.754110550560053,0.355,0.198,4.25025150516727e-46,"2","Itpkb"
"Cldn10",2.4864296417203e-50,0.293700696972456,0.977,0.952,4.74137268379644e-46,"2","Cldn10"
"Calm1",3.66564656351504e-50,0.42873137455015,0.856,0.795,6.99002143196683e-46,"2","Calm1"
"Rpl11",3.69440409194445e-50,0.299323414848603,0.985,0.976,7.04485916292887e-46,"2","Rpl11"
"Arpc3",3.73914894725567e-50,0.764429342934889,0.399,0.239,7.13018312752185e-46,"2","Arpc3"
"Gas5",3.9937901884001e-50,0.72374072460764,0.404,0.241,7.61575851026015e-46,"2","Gas5"
"Rab2a",4.00223279626342e-50,0.515834181195531,0.688,0.52,7.63185771919471e-46,"2","Rab2a"
"Etv6",5.20966953404795e-50,0.524145745826706,0.439,0.263,9.93431883447605e-46,"2","Etv6"
"Map3k1",6.04366056584933e-50,0.590737091462371,0.455,0.277,1.15246563330181e-45,"2","Map3k1"
"Aff4",7.17459704674584e-50,0.704823396597093,0.323,0.173,1.36812391084396e-45,"2","Aff4"
"Prdx1",8.37762426709054e-50,0.607280877119157,0.588,0.42,1.59752917149149e-45,"2","Prdx1"
"Rpl19",9.08709584138906e-50,0.291804181395206,0.993,0.989,1.73281830599448e-45,"2","Rpl19"
"Clic1",1.0479304185474e-49,0.99508615114983,0.259,0.131,1.99829851512803e-45,"2","Clic1"
"Ctsd",3.07924258033265e-49,0.599134479562119,0.55,0.372,5.87180767643634e-45,"2","Ctsd"
"Creg1",3.57212199595771e-49,0.734918002620622,0.368,0.212,6.81167943409177e-45,"2","Creg1"
"Eif3m",4.65647177417571e-49,0.721278347335006,0.386,0.229,8.87942602617566e-45,"2","Eif3m"
"Cox5a",9.60332285083992e-49,0.44399598797756,0.792,0.669,1.83125763442666e-44,"2","Cox5a"
"St14",1.25533508366006e-48,0.993896251898972,0.262,0.132,2.39379847103136e-44,"2","St14"
"Rps7",1.48095158622808e-48,0.265957429532557,0.984,0.984,2.82402657977833e-44,"2","Rps7"
"Chchd2",2.56864331539945e-48,0.367039441499068,0.91,0.865,4.89814593813521e-44,"2","Chchd2"
"Rbm39",2.76732399992531e-48,0.480138917132871,0.583,0.396,5.27701013545758e-44,"2","Rbm39"
"Pycr2",4.78046766881784e-48,0.887368598453947,0.32,0.179,9.11587379766875e-44,"2","Pycr2"
"Cdh1",5.92552810429035e-48,0.796048888606777,0.309,0.168,1.12993895420713e-43,"2","Cdh1"
"Ndst1",5.9956184496475e-48,0.906270265405276,0.269,0.138,1.14330448216328e-43,"2","Ndst1"
"Marchf5",6.35744769485275e-48,0.726733108986062,0.35,0.198,1.21230170093147e-43,"2","Marchf5"
"Srpra",7.00479055607517e-48,0.499363890429888,0.72,0.566,1.33574351113797e-43,"2","Srpra"
"Oat",1.2328555261749e-47,0.573390930370597,0.545,0.366,2.35093220286292e-43,"2","Oat"
"Acadl",1.33288716576628e-47,0.774011027332524,0.361,0.211,2.54168253639973e-43,"2","Acadl"
"Uap1",1.57677263185729e-47,0.697056089858226,0.373,0.218,3.00674773168867e-43,"2","Uap1"
"Ppp1ca",1.60213991379836e-47,0.779772622126902,0.364,0.212,3.05512060162209e-43,"2","Ppp1ca"
"Oxct1",1.80136435114743e-47,0.536812967786996,0.448,0.273,3.43502168120303e-43,"2","Oxct1"
"Gfus",2.35799648722921e-47,0.717253923227789,0.392,0.235,4.49646350149739e-43,"2","Gfus"
"Alg5",3.41897967518495e-47,0.628860710931196,0.464,0.295,6.51965234261018e-43,"2","Alg5"
"Palmd",3.49696821863336e-47,0.596031274610704,0.618,0.457,6.66836869611196e-43,"2","Palmd"
"Rpl7a",3.97214485664988e-47,0.357660885879485,0.882,0.833,7.57448302714565e-43,"2","Rpl7a"
"Pgls",4.78483917125001e-47,0.594066680409735,0.499,0.323,9.12420981565664e-43,"2","Pgls"
"Cd44",5.02532767873026e-47,0.576223934806022,0.453,0.281,9.58279735057072e-43,"2","Cd44"
"Cox8a",5.62745711718797e-47,0.344809779232297,0.948,0.927,1.07309979767657e-42,"2","Cox8a"
"Ddost",6.2283311933395e-47,0.804693344731204,0.347,0.201,1.18768047525791e-42,"2","Ddost"
"Golph3",6.51287628626293e-47,0.625306699958105,0.413,0.249,1.24194037902748e-42,"2","Golph3"
"Lrrc59",9.54655127045517e-47,0.844368658587212,0.293,0.158,1.8204318617631e-42,"2","Lrrc59"
"Top1",1.08597385358111e-46,0.793988405782543,0.343,0.197,2.07084354139381e-42,"2","Top1"
"Ssr2",1.26842473876096e-46,0.649962041316084,0.47,0.304,2.41875913434328e-42,"2","Ssr2"
"Mtch1",1.66155871336797e-46,0.877866794675481,0.29,0.156,3.16842631052138e-42,"2","Mtch1"
"Ppp1cb",2.08778859429962e-46,0.537591393408979,0.466,0.289,3.98120407046994e-42,"2","Ppp1cb"
"Atp5pb",2.81834329554889e-46,0.525569303979174,0.637,0.468,5.37429883028219e-42,"2","Atp5pb"
"Rps18",2.91219508022736e-46,0.271300625210379,0.979,0.969,5.55326479848555e-42,"2","Rps18"
"Nherf2",7.48568128643916e-46,0.909203288513088,0.298,0.164,1.42744456451108e-41,"2","Nherf2"
"Rpl7",1.30391044462935e-45,0.338556332636531,0.897,0.853,2.4864268268637e-41,"2","Rpl7"
"Glrx3",2.19482741382246e-45,0.804674832629638,0.295,0.161,4.18531639541806e-41,"2","Glrx3"
"S100a16",2.73932577100363e-45,0.748450386297672,0.353,0.206,5.22362031272682e-41,"2","S100a16"
"Echs1",3.47882478713818e-45,0.750671356724224,0.331,0.189,6.6337709865938e-41,"2","Echs1"
"Tbc1d15",3.6195500633942e-45,0.835843020799635,0.263,0.136,6.90212001588639e-41,"2","Tbc1d15"
"Polr2e",4.41454081023841e-45,0.689398261333536,0.394,0.237,8.41808787104363e-41,"2","Polr2e"
"Fkbp8",5.58956821249726e-45,0.869670628840244,0.263,0.137,1.0658747624411e-40,"2","Fkbp8"
"H2-T23",6.94730807918079e-45,1.04878861103921,0.251,0.131,1.32478217761898e-40,"2","H2-T23"
"Cldn7",7.55629100163456e-45,0.868383320580561,0.278,0.149,1.44090913110169e-40,"2","Cldn7"
"Nans",8.01543214508804e-45,0.548008008401474,0.594,0.428,1.52846275574684e-40,"2","Nans"
"Nedd4l",9.30899169508659e-45,0.855458655305229,0.265,0.137,1.77513162633606e-40,"2","Nedd4l"
"Odc1",1.01013944945447e-44,0.845001499175092,0.296,0.163,1.92623491616474e-40,"2","Odc1"
"Ndfip2",1.15169685373157e-44,0.751923658542957,0.315,0.176,2.19617073038074e-40,"2","Ndfip2"
"Eif3h",1.30604321349083e-44,0.62536016298417,0.434,0.273,2.49049380380567e-40,"2","Eif3h"
"Ctsb",1.31339231598651e-44,1.00779480006841,0.255,0.133,2.50450780735467e-40,"2","Ctsb"
"Ccnd1",1.49346139226142e-44,0.998273281355936,0.354,0.214,2.84788152890331e-40,"2","Ccnd1"
"Perp",1.58034470031031e-44,0.894120275674334,0.277,0.149,3.01355930902173e-40,"2","Perp"
"Pde4b",1.65882885807015e-44,0.527525844112912,0.591,0.419,3.16322074945398e-40,"2","Pde4b"
"Slc25a39",3.38476027096288e-44,0.667439582558891,0.365,0.217,6.45439936069912e-40,"2","Slc25a39"
"Prdx2",3.70151413370688e-44,0.615918143313404,0.49,0.328,7.05841730156566e-40,"2","Prdx2"
"Fermt2",4.49792362273753e-44,0.707436755970655,0.322,0.181,8.5770905561982e-40,"2","Fermt2"
"Etf1",4.55494108003512e-44,0.75638489197259,0.305,0.168,8.68581714551897e-40,"2","Etf1"
"Cobll1",5.81890002674712e-44,0.655549683974838,0.351,0.204,1.10960604610041e-39,"2","Cobll1"
"Xbp1",5.82834654045494e-44,0.469749637989195,0.664,0.5,1.11140740179935e-39,"2","Xbp1"
"Ptp4a2",6.20508746010599e-44,0.716116439057094,0.318,0.178,1.18324812776761e-39,"2","Ptp4a2"
"Dcaf4",7.04582935426285e-44,0.769484365728909,0.289,0.156,1.34356919956438e-39,"2","Dcaf4"
"Smpdl3a",7.86319222165609e-44,0.639064355622158,0.439,0.279,1.4994321247476e-39,"2","Smpdl3a"
"Epcam",8.40152464791408e-44,0.539039833149997,0.753,0.648,1.60208673511074e-39,"2","Epcam"
"Atp5f1d",9.49448592182941e-44,0.44518260639463,0.869,0.817,1.81050352043365e-39,"2","Atp5f1d"
"Txnl1",1.14154167077592e-43,0.803303325445178,0.296,0.164,2.1768058120026e-39,"2","Txnl1"
"Eprs1",1.73211415403536e-43,0.688792844295604,0.334,0.191,3.30296848033002e-39,"2","Eprs1"
"Slc25a11",2.38979161726088e-43,0.850545145859002,0.268,0.143,4.55709363495477e-39,"2","Slc25a11"
"Tmed3",2.41591987416031e-43,0.428096341250694,0.859,0.795,4.60691760803629e-39,"2","Tmed3"
"Gorasp2",2.57016785963242e-43,0.660565934707663,0.366,0.218,4.90105309153307e-39,"2","Gorasp2"
"Yif1a",2.57275850689196e-43,0.852061073096114,0.299,0.168,4.90599319679228e-39,"2","Yif1a"
"Casz1",2.97979447578105e-43,0.527545449395798,0.343,0.194,5.68217008586688e-39,"2","Casz1"
"Dap",3.85042907027576e-43,0.641943629797339,0.364,0.215,7.34238319410884e-39,"2","Dap"
"Ndufc2",4.03989041679257e-43,0.611724805430372,0.448,0.288,7.70366703578175e-39,"2","Ndufc2"
"Esd",4.70403878337172e-43,0.938592787460383,0.257,0.136,8.97013155601154e-39,"2","Esd"
"Tmem176b",5.03985461412081e-43,0.905524829526108,0.651,0.557,9.61049876366697e-39,"2","Tmem176b"
"Rps27a",5.72271495156411e-43,0.280370156280349,0.985,0.986,1.09126451411376e-38,"2","Rps27a"
"Ywhae",1.15120751527316e-42,0.59692122244978,0.403,0.248,2.19523761087438e-38,"2","Ywhae"
"Guk1",1.22755208593609e-42,0.621273848182177,0.416,0.259,2.34081907267153e-38,"2","Guk1"
"Naxd",1.98864777863823e-42,0.723192240869864,0.357,0.214,3.79215244908524e-38,"2","Naxd"
"Psma3",2.28824073124536e-42,0.715758519509682,0.351,0.21,4.36344625041178e-38,"2","Psma3"
"Map1lc3a",2.54415058770147e-42,0.478514226618324,0.721,0.588,4.85144075568794e-38,"2","Map1lc3a"
"Fgfr2",3.12434959940695e-42,0.741688934551607,0.286,0.156,5.95782225110911e-38,"2","Fgfr2"
"Cyb5a",3.16619364148486e-42,0.650082263629969,0.421,0.268,6.03761465494749e-38,"2","Cyb5a"
"Glrx5",3.61482389600349e-42,0.544100115148077,0.492,0.326,6.89310768728906e-38,"2","Glrx5"
"Isca1",5.36615770155084e-42,0.779143907084594,0.288,0.158,1.02327261210873e-37,"2","Isca1"
"Cnbp",5.76372389215379e-42,0.568578944899325,0.47,0.308,1.09908450899481e-37,"2","Cnbp"
"Ehf",5.88439905640231e-42,0.461102316274967,0.57,0.397,1.12209605606536e-37,"2","Ehf"
"Mtarc2",6.68920207849843e-42,0.631073318062945,0.523,0.361,1.27556394434886e-37,"2","Mtarc2"
"Larp1b",8.24611119813224e-42,0.56667998164412,0.4,0.246,1.57245094437184e-37,"2","Larp1b"
"Prrc1",1.29129827862395e-41,0.674335804394997,0.315,0.179,2.46237668750802e-37,"2","Prrc1"
"Myo10",1.52217203155268e-41,0.687898340576375,0.327,0.186,2.9026298469678e-37,"2","Myo10"
"Cct2",1.89362398521562e-41,0.894668762571562,0.259,0.139,3.61095157740766e-37,"2","Cct2"
"Tmem248",2.70760828734348e-41,0.787309271320245,0.273,0.148,5.16313824313528e-37,"2","Tmem248"
"Park7",3.59401763589611e-41,0.569804147413265,0.445,0.286,6.85343222989029e-37,"2","Park7"
"Ppp1r14b",3.71148339198782e-41,0.678469462802338,0.387,0.24,7.07742768018157e-37,"2","Ppp1r14b"
"Susd6",3.91866504612282e-41,0.759820098783687,0.267,0.143,7.4725023764516e-37,"2","Susd6"
"Cox7a2l",4.12322603973218e-41,0.599733014803931,0.433,0.278,7.86257973516529e-37,"2","Cox7a2l"
"Cope",5.63683326203065e-41,0.519092710212435,0.682,0.537,1.07488773473662e-36,"2","Cope"
"Pdia6",9.8149932380615e-41,0.682955109761141,0.402,0.255,1.87162106056595e-36,"2","Pdia6"
"Copb2",1.20593608335139e-40,0.62117891217445,0.377,0.231,2.29959951734277e-36,"2","Copb2"
"Eif2ak3",1.24266490044785e-40,0.702396275160544,0.337,0.199,2.36963769866401e-36,"2","Eif2ak3"
"Pfn1",1.48752017913978e-40,0.677399069867596,0.41,0.262,2.83655222960164e-36,"2","Pfn1"
"Pgp",2.02093824353981e-40,0.553191060091764,0.636,0.493,3.85372713660606e-36,"2","Pgp"
"Rab1a",2.23757493855988e-40,0.5124240612438,0.438,0.279,4.26683165033984e-36,"2","Rab1a"
"Rp9",2.84778556144935e-40,0.711077134677017,0.328,0.192,5.43044228712776e-36,"2","Rp9"
"Sec24d",5.64025418152231e-40,0.620307631530925,0.312,0.177,1.07554006987449e-35,"2","Sec24d"
"Pex11g",6.995530442586e-40,0.779625356660897,0.274,0.152,1.33397770009672e-35,"2","Pex11g"
"Rab7",1.59621228468162e-39,0.721995768797815,0.278,0.154,3.04381720565938e-35,"2","Rab7"
"Tbrg1",1.98618769842975e-39,0.54309498116082,0.403,0.251,3.78746132213568e-35,"2","Tbrg1"
"Gng5",2.27365733493518e-39,0.489418166976939,0.648,0.509,4.3356371719879e-35,"2","Gng5"
"Scd1",2.44319935606751e-39,0.783368121858108,0.301,0.172,4.65893685208514e-35,"2","Scd1"
"Ifitm2",4.88294507410335e-39,0.840119908321969,0.25,0.134,9.31128796180768e-35,"2","Ifitm2"
"Cct7",5.05178941207798e-39,0.689979558894109,0.327,0.193,9.6332572298915e-35,"2","Cct7"
"Plet1",5.91072495899825e-39,0.382716839189238,0.789,0.691,1.12711614243138e-34,"2","Plet1"
"Spcs1",6.09061030315622e-39,0.581015126063608,0.46,0.308,1.16141847870886e-34,"2","Spcs1"
"Eif3k",6.27178925964296e-39,0.567477892341205,0.425,0.273,1.19596749392132e-34,"2","Eif3k"
"Mvb12a",6.51648624797577e-39,0.761830131641375,0.306,0.179,1.2426287626265e-34,"2","Mvb12a"
"Rsrc2",8.53726014772888e-39,0.72063212334172,0.271,0.149,1.62797013757042e-34,"2","Rsrc2"
"Rab25",9.17299880350743e-39,0.725941476644391,0.331,0.2,1.74919914184083e-34,"2","Rab25"
"Lncpint",1.18722877759941e-38,0.578689534425288,0.3,0.169,2.26392655600432e-34,"2","Lncpint"
"Chpt1",1.2982234454491e-38,0.392700442493259,0.884,0.842,2.47558228812689e-34,"2","Chpt1"
"Ndufs3",1.3416513941458e-38,0.670278504335766,0.339,0.204,2.55839504349663e-34,"2","Ndufs3"
"Ckmt1",1.44661905603328e-38,0.660197588381527,0.327,0.193,2.75855787794986e-34,"2","Ckmt1"
"Psmb6",1.92113682332695e-38,0.585524385791481,0.416,0.268,3.66341580840216e-34,"2","Psmb6"
"Dctn3",2.11555029784069e-38,0.729483060414499,0.316,0.186,4.03414286295241e-34,"2","Dctn3"
"Sdhb",2.22193257990728e-38,0.473951027883101,0.508,0.344,4.23700323662518e-34,"2","Sdhb"
"Bsg",2.58473699800964e-38,0.53865038450151,0.489,0.335,4.92883498150457e-34,"2","Bsg"
"Abhd17a",3.13247945649138e-38,0.806874255166358,0.31,0.183,5.97332507558341e-34,"2","Abhd17a"
"Fuca1",4.14945210479585e-38,0.759604167816289,0.277,0.156,7.9125902186352e-34,"2","Fuca1"
"Srp72",4.42733783050551e-38,0.600708325406082,0.344,0.206,8.44249050899095e-34,"2","Srp72"
"Psma7",5.2581420237863e-38,0.516348203916989,0.531,0.38,1.00267510251581e-33,"2","Psma7"
"Eif3e",1.02912749422749e-37,0.769792634745692,0.261,0.144,1.9624432187424e-33,"2","Eif3e"
"Acss1",1.21321791834607e-37,0.613403565179264,0.308,0.177,2.31348524849412e-33,"2","Acss1"
"Commd3",1.28000996019883e-37,0.596681335619148,0.356,0.217,2.44085099310315e-33,"2","Commd3"
"Rpn2",1.68021487248764e-37,0.545553279143282,0.454,0.302,3.20400174034668e-33,"2","Rpn2"
"Slc38a1",1.71263490035303e-37,0.689813105537818,0.289,0.165,3.26582349148319e-33,"2","Slc38a1"
"Bcas2",2.57257392400045e-37,0.551030072287416,0.426,0.276,4.90564121567646e-33,"2","Bcas2"
"Ndufa8",2.84256348452408e-37,0.717921844506837,0.334,0.205,5.42048430863896e-33,"2","Ndufa8"
"Rab10",3.2974366391609e-37,0.622127472885176,0.336,0.202,6.28788192721592e-33,"2","Rab10"
"Dnajc3",3.8023563830968e-37,0.385699087287915,0.802,0.687,7.25071338692729e-33,"2","Dnajc3"
"Oaz1",3.96169366880399e-37,0.650494782584012,0.38,0.241,7.55455365704233e-33,"2","Oaz1"
"Reep5",4.48454599223525e-37,0.26893881004864,0.983,0.969,8.55158075259341e-33,"2","Reep5"
"Tkt",4.76498461344513e-37,0.69293625204086,0.359,0.226,9.08634915937851e-33,"2","Tkt"
"Cct5",5.36004531488245e-37,0.737580637822685,0.27,0.151,1.02210704109493e-32,"2","Cct5"
"Cnpy2",5.60342774206186e-37,0.498204415625619,0.496,0.342,1.06851763613378e-32,"2","Cnpy2"
"Rhoa",5.67977595011543e-37,0.768860721373783,0.291,0.17,1.08307647592751e-32,"2","Rhoa"
"Ctnna1",6.32124213686435e-37,0.755304394105559,0.259,0.143,1.20539766307866e-32,"2","Ctnna1"
"Dsp",6.63218114822917e-37,0.687793666697522,0.283,0.162,1.26469062315582e-32,"2","Dsp"
"Ern1",9.87000596703232e-37,0.752737114957445,0.281,0.16,1.88211143785339e-32,"2","Ern1"
"Pak2",1.2548194495518e-36,0.588080813580089,0.311,0.181,2.39281520835032e-32,"2","Pak2"
"Rpl21",1.36193188561718e-36,0.257682879324178,0.972,0.963,2.5970679126834e-32,"2","Rpl21"
"Rab14",1.39465240791827e-36,0.6509994683792,0.283,0.16,2.65946267665935e-32,"2","Rab14"
"Suclg1",1.42673473203444e-36,0.6770221540074,0.341,0.21,2.72064046051648e-32,"2","Suclg1"
"Ndufs2",1.4709011674972e-36,0.723463421650308,0.317,0.19,2.80486143630041e-32,"2","Ndufs2"
"Rps27l",2.34306825342305e-36,0.293311982085773,0.959,0.952,4.46799685245242e-32,"2","Rps27l"
"Psmd8",4.54515275892103e-36,0.78248572094887,0.286,0.168,8.66715179598651e-32,"2","Psmd8"
"Cd164",4.70964199896291e-36,0.507819547055387,0.41,0.262,8.98081632782238e-32,"2","Cd164"
"Rhoq",6.44427460092941e-36,0.58328461119813,0.359,0.224,1.22885872365123e-31,"2","Rhoq"
"Capzb",9.01987553224854e-36,0.745132654600731,0.253,0.14,1.72000006524447e-31,"2","Capzb"
"Myo1c",9.3984009607088e-36,0.635766184025258,0.29,0.167,1.79218107919756e-31,"2","Myo1c"
"Fndc3a",1.0139885163888e-35,0.432025838022269,0.489,0.33,1.93357470190181e-31,"2","Fndc3a"
"Mdh1",1.1702868510752e-35,0.498200423315717,0.529,0.376,2.2316199963153e-31,"2","Mdh1"
"Pla2g12a",1.40840155453424e-35,0.544922179049129,0.413,0.269,2.68568092434134e-31,"2","Pla2g12a"
"Tax1bp1",1.43075818784848e-35,0.448121868610099,0.454,0.299,2.72831278840827e-31,"2","Tax1bp1"
"Pdha1",1.57022201937703e-35,0.7712914319151,0.25,0.139,2.99425636875007e-31,"2","Pdha1"
"Grcc10",1.63620998297989e-35,0.762389577255545,0.285,0.167,3.12008881654436e-31,"2","Grcc10"
"Syne4",2.34191261510686e-35,0.589426502658099,0.362,0.227,4.46579316574727e-31,"2","Syne4"
"Uqcrc2",2.39578908793684e-35,0.754118623365181,0.277,0.16,4.56853021178675e-31,"2","Uqcrc2"
"Sub1",2.69984115641822e-35,0.682325359416823,0.321,0.197,5.1483271011739e-31,"2","Sub1"
"Sys1",2.77184874593605e-35,0.690104952762781,0.304,0.18,5.28563837362545e-31,"2","Sys1"
"Rps13",2.77585996470025e-35,0.292663043740221,0.916,0.891,5.2932873666869e-31,"2","Rps13"
"Ucp2",4.11773884921188e-35,0.721969079635206,0.265,0.15,7.85211621156213e-31,"2","Ucp2"
"Dstn",5.48412736646252e-35,0.485392920108406,0.738,0.627,1.04576824751074e-30,"2","Dstn"
"Rin2",6.55324664771089e-35,0.479924542193682,0.306,0.177,1.24963860325199e-30,"2","Rin2"
"Dctn2",7.94389108151824e-35,0.699481648586162,0.28,0.162,1.51482059033471e-30,"2","Dctn2"
"Tspan13",1.67656810356935e-34,0.443996158296926,0.63,0.497,3.19704771669639e-30,"2","Tspan13"
"Hnrnpk",1.94355653907138e-34,0.631222717829482,0.332,0.205,3.70616796435521e-30,"2","Hnrnpk"
"Ube2j1",2.00228355599691e-34,0.705185299224775,0.257,0.145,3.81815451293051e-30,"2","Ube2j1"
"Hmgb1",2.10297254179501e-34,0.579303327737994,0.293,0.172,4.0101583399489e-30,"2","Hmgb1"
"Trabd",2.5367275677634e-34,0.514456726586796,0.511,0.359,4.83728579896804e-30,"2","Trabd"
"Lima1",2.82046812399917e-34,0.507647348251756,0.309,0.182,5.37835066565401e-30,"2","Lima1"
"Ppp1r1b",3.23022719366125e-34,0.477896259875745,0.448,0.3,6.15972023559264e-30,"2","Ppp1r1b"
"Yipf5",3.38665765819053e-34,0.695951088865868,0.262,0.149,6.45801748840352e-30,"2","Yipf5"
"Tmem14c",4.29329677080496e-34,0.588124953166982,0.364,0.231,8.18688761224798e-30,"2","Tmem14c"
"Rps19",4.68022500146051e-34,0.263091882349097,0.979,0.965,8.92472105528504e-30,"2","Rps19"
"Tuba4a",5.20513459533903e-34,0.636304635023053,0.383,0.249,9.925671159852e-30,"2","Tuba4a"
"Ei24",6.00540552955503e-34,0.731228645769085,0.264,0.151,1.14517078043085e-29,"2","Ei24"
"Psma4",6.42679055118851e-34,0.730990283340016,0.265,0.152,1.22552469020614e-29,"2","Psma4"
"Rps27",7.65885633325725e-34,0.381013012349609,0.799,0.735,1.46046731418882e-29,"2","Rps27"
"Ergic1",9.93214844806298e-34,0.527247753419276,0.363,0.229,1.89396138756113e-29,"2","Ergic1"
"Aamp",1.08166729825113e-33,0.701713168048501,0.27,0.156,2.06263137103509e-29,"2","Aamp"
"Ar",1.3262230244318e-33,0.425581997991494,0.44,0.292,2.52897468528899e-29,"2","Ar"
"Ddx6",1.50802874441318e-33,0.637074748341823,0.274,0.158,2.87566001272149e-29,"2","Ddx6"
"Ctsz",1.8669125481899e-33,0.841084306003032,0.256,0.148,3.56001553814332e-29,"2","Ctsz"
"Vdac1",1.88224930963026e-33,0.704490670103385,0.26,0.149,3.58926120853393e-29,"2","Vdac1"
"Yipf4",2.09877391111629e-33,0.788471436300401,0.262,0.152,4.00215197110765e-29,"2","Yipf4"
"Sra1",2.55465629280069e-33,0.643782015641041,0.299,0.178,4.87147408474163e-29,"2","Sra1"
"Rnasek",2.62658102570461e-33,0.485898730133101,0.484,0.338,5.00862735791612e-29,"2","Rnasek"
"Tmem234",3.72258871598067e-33,0.442304056177824,0.516,0.36,7.09860442250354e-29,"2","Tmem234"
"Paip2",4.46038933052992e-33,0.662546908280202,0.289,0.172,8.50551641438751e-29,"2","Paip2"
"Bcat2",4.747509982563e-33,0.519349067409074,0.37,0.235,9.05302678574939e-29,"2","Bcat2"
"Lrrc26",5.0732160459259e-33,0.427069937374762,0.753,0.659,9.6741156779761e-29,"2","Lrrc26"
"Slc35b1",5.4881036068512e-33,0.718460537576558,0.289,0.172,1.04652647679045e-28,"2","Slc35b1"
"Rheb",5.57286836215101e-33,0.658665330671238,0.322,0.199,1.06269026797858e-28,"2","Rheb"
"Cystm1",6.5533315306902e-33,0.434556050295743,0.476,0.326,1.24965478958731e-28,"2","Cystm1"
"Gmds",6.96705535280399e-33,0.409925614046635,0.391,0.25,1.32854778522619e-28,"2","Gmds"
"Rpl37a",7.80656601481628e-33,0.254710283069193,0.975,0.973,1.48863407336532e-28,"2","Rpl37a"
"Pcbp2",8.2870867061057e-33,0.588326297736484,0.335,0.208,1.5802645639873e-28,"2","Pcbp2"
"Tbca",1.12997173498483e-32,0.54473416219451,0.373,0.24,2.15474310144258e-28,"2","Tbca"
"Kank1",1.15022275930827e-32,0.603523044582373,0.255,0.143,2.19335977972493e-28,"2","Kank1"
"Barx2",1.39462072322852e-32,0.469358935319593,0.414,0.273,2.65940225712447e-28,"2","Barx2"
"Sppl2a",1.45857900923437e-32,0.693462767579534,0.26,0.15,2.78136431270901e-28,"2","Sppl2a"
"Ncald",1.53415220884741e-32,0.269414756922745,0.823,0.701,2.92547484705114e-28,"2","Ncald"
"Sdf2l1",2.05067882880189e-32,0.736827296115719,0.268,0.158,3.91043945864233e-28,"2","Sdf2l1"
"Nipal2",2.30471179013893e-32,0.432365495558788,0.389,0.25,4.39485491261593e-28,"2","Nipal2"
"Surf4",2.72390437960433e-32,0.624371514912253,0.326,0.202,5.19421326146749e-28,"2","Surf4"
"Rpl23a",4.00243604234621e-32,0.54382783038388,0.463,0.325,7.63224528914999e-28,"2","Rpl23a"
"Abracl",4.3614070925265e-32,0.528499764641648,0.372,0.239,8.31676718473878e-28,"2","Abracl"
"Sar1b",4.41145004123764e-32,0.556434792729447,0.354,0.225,8.41219408363606e-28,"2","Sar1b"
"Rcn1",7.65692332408616e-32,0.616235390445817,0.334,0.212,1.46009870866999e-27,"2","Rcn1"
"Psmb2",7.77367617897396e-32,0.655216227746756,0.294,0.178,1.48236231056854e-27,"2","Psmb2"
"Edem3",1.19061548272884e-31,0.544628247400822,0.301,0.182,2.27038466401562e-27,"2","Edem3"
"Bax",1.28922741886794e-31,0.847807625473202,0.251,0.147,2.45842776503927e-27,"2","Bax"
"Ssr3",1.41759793089501e-31,0.407215988249612,0.424,0.28,2.70321749442369e-27,"2","Ssr3"
"Timm17b",1.58099100978788e-31,0.646131266465678,0.307,0.189,3.01479175656451e-27,"2","Timm17b"
"Wfdc18",1.98719975999313e-31,1.28305830126857,0.392,0.273,3.78939122233089e-27,"2","Wfdc18"
"Mpv17l2",1.99876332422805e-31,0.644579901822205,0.316,0.197,3.81144178297046e-27,"2","Mpv17l2"
"Fabp5",2.23256898465113e-31,0.370055559980993,0.812,0.75,4.25728579683123e-27,"2","Fabp5"
"Derl1",2.3227887984542e-31,0.734720659030443,0.262,0.154,4.42932595977231e-27,"2","Derl1"
"Nop53",3.12550965831368e-31,0.707139934017257,0.262,0.154,5.96003436743836e-27,"2","Nop53"
"Ergic2",3.54681612986867e-31,0.446934944846568,0.366,0.233,6.76342367804657e-27,"2","Ergic2"
"Ndufb5",3.97092710094971e-31,0.416818966552218,0.544,0.397,7.57216088880101e-27,"2","Ndufb5"
"Eif4h",4.19538339746566e-31,0.71754996059001,0.26,0.154,8.00017660062727e-27,"2","Eif4h"
"Dennd2b",4.61515924961475e-31,0.552237780961947,0.326,0.202,8.80064717309037e-27,"2","Dennd2b"
"Aldh7a1",4.62197904287836e-31,0.641896702965943,0.304,0.188,8.81365183686474e-27,"2","Aldh7a1"
"Gabarapl2",6.35006411940749e-31,0.645351919233884,0.316,0.199,1.21089372692981e-26,"2","Gabarapl2"
"Tmem134",6.70007632228697e-31,0.612858289228746,0.34,0.218,1.2776375538969e-26,"2","Tmem134"
"Bri3",7.97803779394099e-31,0.504541561892915,0.42,0.286,1.52133202692661e-26,"2","Bri3"
"Nfix",9.80065826176678e-31,0.268655577229057,0.514,0.354,1.86888752393631e-26,"2","Nfix"
"Prelid1",9.97932527370433e-31,0.660928803431142,0.295,0.18,1.90295753644268e-26,"2","Prelid1"
"Tram1",1.56428793596572e-30,0.302746683599938,0.789,0.681,2.98294066509304e-26,"2","Tram1"
"Gdi2",1.73005734074337e-30,0.487615203740679,0.378,0.246,3.29904634306353e-26,"2","Gdi2"
"Tmbim6",1.89225280806239e-30,0.377408065020147,0.798,0.701,3.60833687969418e-26,"2","Tmbim6"
"Yipf3",2.09402630062717e-30,0.70319167032096,0.297,0.184,3.99309875266595e-26,"2","Yipf3"
"Kdelr1",2.22131827281572e-30,0.492895970924588,0.391,0.258,4.23583181443229e-26,"2","Kdelr1"
"Gabarap",2.90130535214404e-30,0.316486650411817,0.791,0.71,5.53249917600347e-26,"2","Gabarap"
"Ctbp1",3.71805620074094e-30,0.671043301517978,0.255,0.15,7.08996136919291e-26,"2","Ctbp1"
"Cpeb3",3.81739557611404e-30,0.427916902411283,0.358,0.228,7.27939162409187e-26,"2","Cpeb3"
"H2bc4",4.17309981845364e-30,0.425513172202819,0.564,0.42,7.95768404380925e-26,"2","H2bc4"
"Pcmtd1",4.6005755409464e-30,0.376348444810669,0.402,0.265,8.77283749903068e-26,"2","Pcmtd1"
"Srsf3",5.15369087854592e-30,0.629893866009727,0.276,0.166,9.82757313629921e-26,"2","Srsf3"
"Scand1",5.25998417504133e-30,0.464731992772826,0.445,0.307,1.00302638233863e-25,"2","Scand1"
"Tmed2",5.69442464078547e-30,0.392632729461031,0.617,0.475,1.08586983475138e-25,"2","Tmed2"
"Ak3",6.16636634284029e-30,0.607083161298291,0.26,0.153,1.17586439791622e-25,"2","Ak3"
"Arf5",6.53088341375113e-30,0.39107836598267,0.72,0.615,1.2453741581682e-25,"2","Arf5"
"Nudt22",9.3452656082038e-30,0.522478522710313,0.39,0.262,1.78204869882838e-25,"2","Nudt22"
"Prdx5",1.11008226811287e-29,0.637671481131714,0.295,0.184,2.11681587706443e-25,"2","Prdx5"
"Erbin",1.1360822592576e-29,0.47855524306212,0.341,0.217,2.16639526017833e-25,"2","Erbin"
"Rpl30",1.25566328260051e-29,0.303896907587863,0.849,0.817,2.39442431359092e-25,"2","Rpl30"
"Rpl14",1.39235760156333e-29,0.284540725639911,0.911,0.883,2.65508671042112e-25,"2","Rpl14"
"Magt1",1.39436628214634e-29,0.440193763001896,0.385,0.253,2.65891706342486e-25,"2","Magt1"
"Bcar3",1.41933722623248e-29,0.513221130502608,0.32,0.2,2.70653415670271e-25,"2","Bcar3"
"Taf10",2.1901942678716e-29,0.603287968281732,0.306,0.191,4.17648144940435e-25,"2","Taf10"
"Gmppb",2.3340710418818e-29,0.612869347371312,0.334,0.215,4.4508400697644e-25,"2","Gmppb"
"Rpl31",2.57986845596385e-29,0.44954351065242,0.478,0.339,4.91955115867747e-25,"2","Rpl31"
"Slc17a5",2.59206629102812e-29,0.506203146186152,0.34,0.216,4.94281121036153e-25,"2","Slc17a5"
"Scp2",3.09981906311461e-29,0.57241244517696,0.348,0.228,5.91104497145326e-25,"2","Scp2"
"Ndufa12",3.11891841398685e-29,0.488667503016527,0.386,0.257,5.94746552363152e-25,"2","Ndufa12"
"Rbx1",3.53511530235308e-29,0.443169789187579,0.48,0.34,6.74111137005708e-25,"2","Rbx1"
"Uqcrfs1",4.13562666206035e-29,0.514329248470452,0.402,0.273,7.88622648188287e-25,"2","Uqcrfs1"
"Psma2",4.48853513573681e-29,0.495210180332102,0.392,0.263,8.55918765033653e-25,"2","Psma2"
"Ggnbp2",4.61030303482218e-29,0.557594473920872,0.257,0.151,8.79138685710241e-25,"2","Ggnbp2"
"Foxo1",5.41721521640921e-29,0.474931133125023,0.251,0.145,1.03300876961707e-24,"2","Foxo1"
"Serbp1",5.4228935579163e-29,0.487633836999951,0.386,0.257,1.03409157255906e-24,"2","Serbp1"
"Trappc6a",6.21120742390144e-29,0.566554345832342,0.344,0.225,1.18441514366377e-24,"2","Trappc6a"
"Syngr2",6.35349403335653e-29,0.624136465314257,0.293,0.183,1.21154777722076e-24,"2","Syngr2"
"Baz2b",7.0867086012862e-29,0.490407831706312,0.305,0.187,1.35136446317927e-24,"2","Baz2b"
"Cmas",7.73686605140709e-29,0.420309256324225,0.387,0.255,1.47534298734282e-24,"2","Cmas"
"Hras",9.7233030932178e-29,0.709679136213545,0.255,0.153,1.8541366668457e-24,"2","Hras"
"Ndufs7",1.10345985127035e-28,0.466730379121482,0.481,0.344,2.10418759038742e-24,"2","Ndufs7"
"Sem1",1.29620204518876e-28,0.467663780538277,0.475,0.338,2.47172767997044e-24,"2","Sem1"
"Dynll1",1.35650854668496e-28,0.61283071530927,0.304,0.193,2.58672614767355e-24,"2","Dynll1"
"Emc7",1.37725457378905e-28,0.697307157083727,0.259,0.156,2.62628674675834e-24,"2","Emc7"
"Rhoc",1.68427642029424e-28,0.676206486664295,0.278,0.171,3.21174670585909e-24,"2","Rhoc"
"Slc12a2",1.75024171289471e-28,0.287773351494489,0.936,0.892,3.33753592231893e-24,"2","Slc12a2"
"Arfip2",2.01887424845093e-28,0.638614068714015,0.263,0.159,3.84979130437108e-24,"2","Arfip2"
"Tcn2",2.25241666322682e-28,0.470199226266326,0.758,0.708,4.29513333510723e-24,"2","Tcn2"
"Polr1d",2.28077941939071e-28,0.417425486357829,0.534,0.393,4.34921827483614e-24,"2","Polr1d"
"Psmb5",2.37247128711435e-28,0.474410121406694,0.431,0.297,4.52406549739835e-24,"2","Psmb5"
"Ogdh",2.50617871211814e-28,0.517099772627875,0.267,0.159,4.77903218613809e-24,"2","Ogdh"
"Psmb4",3.2031079961768e-28,0.691957916142093,0.261,0.159,6.10800663790954e-24,"2","Psmb4"
"Meis2",3.80421920206683e-28,0.275173982886927,0.451,0.305,7.25426559642124e-24,"2","Meis2"
"Kif5b",4.35559813314916e-28,0.515201207360455,0.316,0.2,8.30569008010213e-24,"2","Kif5b"
"Gspt1",5.4831849996887e-28,0.525906977555018,0.309,0.194,1.04558854759064e-23,"2","Gspt1"
"Gm16136",5.73970029563075e-28,0.580620802857553,0.285,0.176,1.09450344937383e-23,"2","Gm16136"
"Cdk5rap3",6.15140402961058e-28,0.584023832968496,0.321,0.205,1.17301123440644e-23,"2","Cdk5rap3"
"Mrps24",7.50198922668143e-28,0.389985884301572,0.451,0.309,1.43055432563588e-23,"2","Mrps24"
"Nsd3",7.61114927696489e-28,0.282363953036492,0.402,0.263,1.45137005562444e-23,"2","Nsd3"
"Dnajb6",9.43358878761816e-28,0.626937899376878,0.264,0.161,1.79889104591091e-23,"2","Dnajb6"
"Hsd17b101",9.70197090164044e-28,0.579119298776601,0.314,0.201,1.85006883123382e-23,"2","Hsd17b10"
"Kif21a",9.79119634861051e-28,0.457526315695472,0.314,0.198,1.86708323171654e-23,"2","Kif21a"
"Rpl5",1.01758058287697e-27,0.330399855230127,0.814,0.772,1.94042441348808e-23,"2","Rpl5"
"Eif3j1",1.10632148597819e-27,0.524917550443722,0.278,0.17,2.10964444161181e-23,"2","Eif3j1"
"Eif4b",1.52353405043229e-27,0.566026666323017,0.295,0.185,2.90522708076934e-23,"2","Eif4b"
"Ddrgk1",1.68367174398373e-27,0.432802588102178,0.466,0.333,3.21059364860258e-23,"2","Ddrgk1"
"Rabac1",2.71012874107252e-27,0.333191871871619,0.852,0.807,5.16794449635119e-23,"2","Rabac1"
"Nipbl",2.96058227697084e-27,0.436482095299304,0.295,0.182,5.6455343439557e-23,"2","Nipbl"
"Eif5a",2.96631234346438e-27,0.313024027359299,0.787,0.696,5.65646100775222e-23,"2","Eif5a"
"Mrps16",3.73753287189873e-27,0.52268908867704,0.353,0.235,7.12710143342369e-23,"2","Mrps16"
"Ufc1",4.66856163638995e-27,0.458351454471192,0.404,0.276,8.902480184432e-23,"2","Ufc1"
"Rps21",5.14816314823279e-27,0.270543458810254,0.938,0.941,9.8170323073651e-23,"2","Rps21"
"Epb41",6.19327866148014e-27,0.549453516568702,0.31,0.197,1.18099630795765e-22,"2","Epb41"
"Mrpl12",7.095277591346e-27,0.505820441410389,0.347,0.229,1.35299848389377e-22,"2","Mrpl12"
"Selenos",8.11117433125488e-27,0.336880619506527,0.663,0.533,1.54671983322699e-22,"2","Selenos"
"Derl3",8.66267682586952e-27,0.396620616203518,0.507,0.371,1.65188584392506e-22,"2","Derl3"
"Rer1",1.04232673211471e-26,0.468858638838993,0.398,0.273,1.98761284546954e-22,"2","Rer1"
"Atp6v1f",1.15016549796873e-26,0.493066576542695,0.383,0.261,2.19325058807657e-22,"2","Atp6v1f"
"Ifi27",1.31537405549743e-26,0.304372127277271,0.881,0.862,2.50828678642805e-22,"2","Ifi27"
"Ppia",1.47664492455555e-26,0.308537358790943,0.772,0.705,2.81581420663497e-22,"2","Ppia"
"Ndufa10",1.71728562092029e-26,0.609706127730502,0.261,0.16,3.27469195053291e-22,"2","Ndufa10"
"Arcn1",1.75690224065129e-26,0.460543007572345,0.284,0.174,3.35023688269795e-22,"2","Arcn1"
"Kif1b",2.08625815810638e-26,0.338237238522572,0.411,0.279,3.97828568169305e-22,"2","Kif1b"
"Coq9",3.22045250476155e-26,0.665066535367717,0.252,0.154,6.1410808813298e-22,"2","Coq9"
"Jpt1",3.44910562895105e-26,0.474061056365385,0.297,0.187,6.57709952384676e-22,"2","Jpt1"
"Pcbp1",4.15961722518368e-26,0.478193745502688,0.326,0.212,7.93197408670276e-22,"2","Pcbp1"
"Dynlt3",4.43477672145743e-26,0.573833387381028,0.251,0.151,8.45667573014718e-22,"2","Dynlt3"
"Nsa2",5.20787676150902e-26,0.606220816496907,0.27,0.168,9.93090019652155e-22,"2","Nsa2"
"Airn",5.29718940797019e-26,0.302535526837838,0.445,0.307,1.01012104820584e-21,"2","Airn"
"Lamtor4",5.48392845857616e-26,0.444850012861832,0.405,0.281,1.04573031776589e-21,"2","Lamtor4"
"Cox6c",7.08044406312548e-26,0.350287775826864,0.755,0.675,1.3501698783974e-21,"2","Cox6c"
"Nars1",7.28211311238032e-26,0.501932399435498,0.304,0.193,1.3886261493998e-21,"2","Nars1"
"Tmem238",7.66537943972346e-26,0.442433614064333,0.432,0.306,1.46171120536087e-21,"2","Tmem238"
"Hnrnpa2b1",1.07862977052428e-25,0.346338974446143,0.513,0.372,2.05683910941274e-21,"2","Hnrnpa2b1"
"Nbr1",1.08395190060086e-25,0.514922167660037,0.279,0.174,2.06698787925577e-21,"2","Nbr1"
"Grpel1",1.25772836223147e-25,0.622116411276967,0.269,0.168,2.39836221393919e-21,"2","Grpel1"
"Cuta",1.37793862453327e-25,0.641085937876535,0.267,0.167,2.62759116312249e-21,"2","Cuta"
"Mpc11",1.38681838410249e-25,0.442768499069303,0.383,0.262,2.64452397664504e-21,"2","Mpc1"
"Psmd12",1.41237690534106e-25,0.613098780874933,0.261,0.162,2.69326152079487e-21,"2","Psmd12"
"Kcmf1",1.54868480300959e-25,0.433354454475978,0.33,0.214,2.95318705085899e-21,"2","Kcmf1"
"Srsf5",1.55860234756695e-25,0.285367932448932,0.379,0.251,2.97209881657542e-21,"2","Srsf5"
"Erp29",1.64142935613969e-25,0.559099757014813,0.307,0.199,3.13004163922277e-21,"2","Erp29"
"Bclaf1",1.7840406376899e-25,0.458182497494322,0.296,0.187,3.40198709201088e-21,"2","Bclaf1"
"Rps6",1.79303362147465e-25,0.504014717765546,0.33,0.219,3.41913581279001e-21,"2","Rps6"
"Actn4",1.81368348129494e-25,0.515569816626146,0.266,0.164,3.45851303048132e-21,"2","Actn4"
"Scd2",2.01190330319917e-25,0.517965215893646,0.327,0.214,3.83649840887051e-21,"2","Scd2"
"Pitx1",2.03143903864087e-25,0.412619455438017,0.343,0.225,3.87375110278428e-21,"2","Pitx1"
"Ubl5",2.18498745092613e-25,0.387821679932041,0.49,0.355,4.16655257017104e-21,"2","Ubl5"
"Rplp2",2.21546734171383e-25,0.29882060816784,0.864,0.846,4.2246746739141e-21,"2","Rplp2"
"Tpd52",2.21674940700252e-25,0.275100327954065,0.692,0.565,4.2271194442131e-21,"2","Tpd52"
"Atp5mk1",2.31501154745407e-25,0.38369091374859,0.422,0.291,4.41449551984016e-21,"2","Atp5mk"
"Atp6v1e1",2.46740600555543e-25,0.594652935998798,0.279,0.176,4.70509651199365e-21,"2","Atp6v1e1"
"Mrps141",2.50784348719674e-25,0.422890778370248,0.408,0.283,4.78220674573547e-21,"2","Mrps14"
"Magi3",4.55060166218501e-25,0.327317232045925,0.381,0.255,8.6775423096206e-21,"2","Magi3"
"Txn1",6.11833068278412e-25,0.377391306963017,0.46,0.33,1.1667044779001e-20,"2","Txn1"
"Anxa6",6.78654320285511e-25,0.462275492900943,0.29,0.184,1.29412592335244e-20,"2","Anxa6"
"Sel1l",7.24253749163202e-25,0.31066987554322,0.419,0.287,1.38107947427931e-20,"2","Sel1l"
"Lman1",7.34955491951921e-25,0.352233896415772,0.581,0.449,1.40148662760312e-20,"2","Lman1"
"Pip5k1b",7.41065371250613e-25,0.301676503338156,0.376,0.252,1.41313755643779e-20,"2","Pip5k1b"
"Tesc",8.07561408874574e-25,0.342250813532952,0.857,0.825,1.53993885058292e-20,"2","Tesc"
"Stard10",8.44054514237155e-25,0.386026944470436,0.38,0.258,1.60952755319883e-20,"2","Stard10"
"Eny2",8.52741577070845e-25,0.374902176404682,0.437,0.308,1.6260929133164e-20,"2","Eny2"
"Ybx3",9.13890794060914e-25,0.552369108994261,0.295,0.19,1.74269835519476e-20,"2","Ybx3"
"Sik3",9.21288479151187e-25,0.46958840425297,0.254,0.155,1.7568050008934e-20,"2","Sik3"
"Selenow",1.03106539024261e-24,0.603195877336579,0.313,0.209,1.96613859265364e-20,"2","Selenow"
"Nedd8",1.06402173939926e-24,0.427444993566028,0.419,0.297,2.02898305486045e-20,"2","Nedd8"
"Nol7",1.36311021514354e-24,0.457352795460202,0.337,0.223,2.59931486925721e-20,"2","Nol7"
"Clptm1l",1.448771340161e-24,0.475943950279811,0.342,0.229,2.762662068553e-20,"2","Clptm1l"
"Vgll4",1.83092608533151e-24,0.370684206329263,0.343,0.226,3.49139295211866e-20,"2","Vgll4"
"Taf1d",2.08218205408394e-24,0.505834606914624,0.266,0.165,3.97051295893267e-20,"2","Taf1d"
"Sec16a",2.15289234189794e-24,0.492343950188274,0.263,0.164,4.10535040676519e-20,"2","Sec16a"
"Pon2",2.22832708566013e-24,0.52411845546594,0.299,0.194,4.2491969196453e-20,"2","Pon2"
"Eif4a2",2.47099616285139e-24,0.367579315752608,0.358,0.238,4.71194258294132e-20,"2","Eif4a2"
"Palld",3.12021159294803e-24,0.499355171421752,0.257,0.159,5.9499314865926e-20,"2","Palld"
"Qser1",3.23562793261529e-24,0.501609931555685,0.257,0.158,6.17001890470409e-20,"2","Qser1"
"Srp19",3.42859301695179e-24,0.442489081773353,0.332,0.221,6.53798402402537e-20,"2","Srp19"
"Tomm20",3.91921194327535e-24,0.491433563642367,0.337,0.227,7.47354525463177e-20,"2","Tomm20"
"Ube2m",4.01559054788107e-24,0.642036984954618,0.251,0.157,7.6573296157544e-20,"2","Ube2m"
"Txndc11",4.635186911475e-24,0.524388026280137,0.271,0.171,8.83883792149168e-20,"2","Txndc11"
"Stk25",5.77298420785608e-24,0.536663764822563,0.254,0.157,1.10085035859608e-19,"2","Stk25"
"Tmem208",6.60445463384259e-24,0.470168198481826,0.351,0.238,1.25940345412744e-19,"2","Tmem208"
"Pycard",7.42802726409681e-24,0.498050661188037,0.329,0.22,1.41645051899062e-19,"2","Pycard"
"Ppp3ca",7.78378403532959e-24,0.291984604574905,0.333,0.218,1.484289777697e-19,"2","Ppp3ca"
"Ncl",8.66124367723578e-24,0.410699971325251,0.327,0.215,1.65161255681209e-19,"2","Ncl"
"Uso1",1.00952527822177e-23,0.397995802221835,0.357,0.241,1.92506375304109e-19,"2","Uso1"
"Eef1d",1.04975721414116e-23,0.378794602598106,0.545,0.413,2.00178203164578e-19,"2","Eef1d"
"Psmb3",1.41224601713617e-23,0.608489148053105,0.285,0.188,2.69301193007697e-19,"2","Psmb3"
"Pbrm1",1.465516954436e-23,0.39395728997608,0.276,0.172,2.79459428041401e-19,"2","Pbrm1"
"Rpl29",1.57087115488782e-23,0.286343457015893,0.795,0.734,2.99549420525558e-19,"2","Rpl29"
"Rtraf",1.94393158194635e-23,0.560906735269609,0.277,0.179,3.7068831336135e-19,"2","Rtraf"
"Ggh",2.46699135629653e-23,0.39503553719634,0.525,0.398,4.70430581732186e-19,"2","Ggh"
"Tex15",2.55755731440922e-23,0.341087735995481,0.354,0.238,4.87700604284694e-19,"2","Tex15"
"Frmd4b",2.94559422722184e-23,0.468861142300488,0.259,0.162,5.61695363188933e-19,"2","Frmd4b"
"Map2k2",3.17262834110622e-23,0.533188135352569,0.276,0.176,6.04988498365545e-19,"2","Map2k2"
"Homer2",4.08193344135679e-23,0.359138515818693,0.343,0.229,7.78383887932327e-19,"2","Homer2"
"Tmbim4",4.21861581534398e-23,0.315283964752103,0.68,0.561,8.04447849827943e-19,"2","Tmbim4"
"Ccs",4.5137701726206e-23,0.587745361613016,0.255,0.161,8.60730834217023e-19,"2","Ccs"
"Pycr1",5.27027349000866e-23,0.56435415251924,0.252,0.159,1.00498845180975e-18,"2","Pycr1"
"Mif",5.443556113462e-23,0.377415975412811,0.437,0.314,1.03803171527607e-18,"2","Mif"
"Ccpg1",5.78485588342448e-23,0.419662133258873,0.3,0.195,1.10311416841021e-18,"2","Ccpg1"
"Emc6",6.0336890524881e-23,0.532118207504714,0.273,0.175,1.15056416541896e-18,"2","Emc6"
"Srp141",6.28957596817576e-23,0.439966646129105,0.365,0.252,1.19935924137144e-18,"2","Srp14"
"Huwe1",6.36827524803798e-23,0.485295785540558,0.258,0.161,1.21436640704836e-18,"2","Huwe1"
"Cycs",8.89307175682689e-23,0.365480838295056,0.497,0.369,1.69581985330932e-18,"2","Cycs"
"Uba5",9.72211710775502e-23,0.378834744956305,0.369,0.254,1.85391051127781e-18,"2","Uba5"
"Larp4b",1.09489136198134e-22,0.42745900775273,0.259,0.163,2.08784833816223e-18,"2","Larp4b"
"Ptprj",1.29499683844283e-22,0.424644151847307,0.266,0.168,2.46942947122663e-18,"2","Ptprj"
"Ssu72",1.29994794971033e-22,0.555111027741056,0.262,0.167,2.47887074530263e-18,"2","Ssu72"
"Tmem2231",1.3083664983468e-22,0.560420744958521,0.303,0.203,2.49492407569752e-18,"2","Tmem223"
"Mtdh",1.44191408017533e-22,0.424278110481155,0.282,0.181,2.74958595948633e-18,"2","Mtdh"
"Rock1",1.55955805827999e-22,0.431697050041261,0.278,0.178,2.97392126133412e-18,"2","Rock1"
"Rtn3",1.67726386188288e-22,0.502145526201969,0.294,0.194,3.19837445822447e-18,"2","Rtn3"
"Hid1",2.27988778571413e-22,0.47620983477389,0.289,0.189,4.34751801857827e-18,"2","Hid1"
"Ssb",2.61347331222434e-22,0.492954331554169,0.301,0.2,4.98363225908059e-18,"2","Ssb"
"Slc39a7",2.64682413820484e-22,0.524009411787584,0.318,0.216,5.04722894914281e-18,"2","Slc39a7"
"Cpeb4",2.75608635654701e-22,0.3925264241012,0.322,0.214,5.25558107329949e-18,"2","Cpeb4"
"Lpp",3.40411263697564e-22,0.410351796124841,0.285,0.184,6.49130238744885e-18,"2","Lpp"
"Gpr108",3.87370733218904e-22,0.584273354578387,0.257,0.165,7.38677251175129e-18,"2","Gpr108"
"Higd2a1",4.59076135696061e-22,0.44297745632013,0.317,0.212,8.75412283158818e-18,"2","Higd2a"
"Eif2s2",4.99511280222358e-22,0.292174000321475,0.595,0.468,9.52518060256015e-18,"2","Eif2s2"
"Ifi30",5.3554694030475e-22,0.59460984764479,0.255,0.163,1.02123446046713e-17,"2","Ifi30"
"Eif3c",7.99011348943095e-22,0.476504232293714,0.319,0.216,1.52363474129959e-17,"2","Eif3c"
"Psmb1",8.35362525309215e-22,0.439502407746097,0.366,0.257,1.59295279951214e-17,"2","Psmb1"
"Atp5mc2",1.02030289394869e-21,0.316292275742549,0.663,0.558,1.94561558847075e-17,"2","Atp5mc2"
"Cox14",1.1330100805974e-21,0.540271346905526,0.279,0.184,2.16053692269118e-17,"2","Cox14"
"Mydgf",1.13885977918521e-21,0.393295626161041,0.488,0.371,2.17169171292828e-17,"2","Mydgf"
"Ndufa6",1.14330101860319e-21,0.32195208232447,0.525,0.397,2.18016071237442e-17,"2","Ndufa6"
"Ndufa71",1.17155687440154e-21,0.356620490247983,0.474,0.353,2.23404180379631e-17,"2","Ndufa7"
"Maea",1.46240659234496e-21,0.36197219223353,0.36,0.248,2.7886631309426e-17,"2","Maea"
"Chmp2a",1.6496592136874e-21,0.489191750202495,0.313,0.213,3.1457351545805e-17,"2","Chmp2a"
"Odr4",1.65056467871934e-21,0.457257634380333,0.288,0.189,3.1474617858499e-17,"2","Odr4"
"Tpr",2.25467903757967e-21,0.3652658467969,0.306,0.202,4.29944745676067e-17,"2","Tpr"
"Spop",2.43750860554604e-21,0.402120261254035,0.294,0.194,4.64808515991575e-17,"2","Spop"
"Hnrnpab",2.82742414823097e-21,0.486916024107811,0.282,0.186,5.39161510826163e-17,"2","Hnrnpab"
"Rexo2",3.70811080025849e-21,0.29761508281352,0.685,0.579,7.07099648501291e-17,"2","Rexo2"
"Abhd11os",3.7147667416967e-21,0.453651561239896,0.337,0.233,7.08368869974143e-17,"2","Abhd11os"
"Atp5mj",3.84735104069638e-21,0.306677059074617,0.511,0.387,7.33651369950392e-17,"2","Atp5mj"
"Rpl4",4.34099734378502e-21,0.265029442352129,0.809,0.749,8.27784783486365e-17,"2","Rpl4"
"Pon3",4.63368539941509e-21,0.357355134759081,0.396,0.28,8.83597468814464e-17,"2","Pon3"
"Ralbp1",4.83144370040815e-21,0.325993181426346,0.356,0.244,9.2130799923083e-17,"2","Ralbp1"
"BC031181",5.36120871925505e-21,0.524371867892378,0.276,0.183,1.02232889067474e-16,"2","BC031181"
"Arfgef3",5.74709757066595e-21,0.418769770447168,0.287,0.188,1.09591403575029e-16,"2","Arfgef3"
"Ncbp2as2",6.71374912019864e-21,0.442759029273109,0.33,0.225,1.28024481973068e-16,"2","Ncbp2as2"
"Mrpl30",6.82425652789692e-21,0.463842558691297,0.283,0.187,1.30131747730466e-16,"2","Mrpl30"
"Ginm1",1.06201850068495e-20,0.361631265588398,0.348,0.24,2.02516307895613e-16,"2","Ginm1"
"Trip11",1.10041171243229e-20,0.270558345076405,0.376,0.262,2.09837509443713e-16,"2","Trip11"
"Cox6a1",1.31930938178149e-20,0.352842382173097,0.454,0.335,2.51579106011912e-16,"2","Cox6a1"
"Tomm7",1.84623371402133e-20,0.355120552768763,0.424,0.308,3.52058306926728e-16,"2","Tomm7"
"Pafah1b1",1.952754852273e-20,0.421722755785194,0.298,0.198,3.72370822779938e-16,"2","Pafah1b1"
"Smim7",1.95554726939789e-20,0.449730405819858,0.294,0.196,3.72903308801483e-16,"2","Smim7"
"Itga6",2.01740819069747e-20,0.376533504258478,0.318,0.217,3.846995678841e-16,"2","Itga6"
"Ubr2",2.08974352910197e-20,0.338281087561705,0.301,0.199,3.98493193564454e-16,"2","Ubr2"
"Tm9sf3",2.7380907943996e-20,0.255317083503689,0.455,0.33,5.2212653358406e-16,"2","Tm9sf3"
"Cd63",2.85438461737312e-20,0.290434647781301,0.727,0.634,5.4430260268688e-16,"2","Cd63"
"Copb1",3.54426204551069e-20,0.415182784920684,0.293,0.195,6.75855329458434e-16,"2","Copb1"
"Vmp1",4.04328058439863e-20,0.429431153981376,0.318,0.218,7.71013174638974e-16,"2","Vmp1"
"Hsbp1",4.18253496279859e-20,0.490118196828649,0.284,0.191,7.97567592056064e-16,"2","Hsbp1"
"Ubxn4",4.30040817658612e-20,0.363974298924115,0.365,0.258,8.20044835193207e-16,"2","Ubxn4"
"Stk11",4.76336322149493e-20,0.27889664219339,0.466,0.343,9.08325732706868e-16,"2","Stk11"
"Aurkaip1",5.82594143827027e-20,0.452826847166014,0.32,0.222,1.11094877286376e-15,"2","Aurkaip1"
"Aup1",6.03107635161285e-20,0.462248093505111,0.253,0.164,1.15006594948905e-15,"2","Aup1"
"Prom2",6.34874275083132e-20,0.484845880094695,0.291,0.196,1.21064175515602e-15,"2","Prom2"
"Nop101",6.79300915574749e-20,0.379798515883431,0.394,0.284,1.29535891590949e-15,"2","Nop10"
"Kdelr2",7.07108132870761e-20,0.465582945916368,0.298,0.203,1.34838449857125e-15,"2","Kdelr2"
"Pdia3",7.88300183455781e-20,0.293755190493818,0.417,0.301,1.50320961983183e-15,"2","Pdia3"
"Txndc171",8.59418990327303e-20,0.342189400694781,0.383,0.272,1.63882607265513e-15,"2","Txndc17"
"Lrrfip1",9.98907517318957e-20,0.319582864639397,0.309,0.208,1.90481674477552e-15,"2","Lrrfip1"
"Elf5",1.27059263382995e-19,0.262977654053411,0.38,0.266,2.42289309345034e-15,"2","Elf5"
"Swi5",1.32830379983015e-19,0.353325407128782,0.423,0.309,2.53294251589611e-15,"2","Swi5"
"Jtb",1.39314900626735e-19,0.308872288222404,0.583,0.461,2.65659584005122e-15,"2","Jtb"
"Atp6v0b",1.49428329401026e-19,0.26331767381005,0.644,0.528,2.84944881334816e-15,"2","Atp6v0b"
"Clstn1",2.16108052458442e-19,0.362669020587476,0.38,0.273,4.12096445233003e-15,"2","Clstn1"
"Sar1a",2.18149347993924e-19,0.470280460859491,0.294,0.2,4.15988991689614e-15,"2","Sar1a"
"Sec11a",2.21908474712803e-19,0.476720544617515,0.274,0.183,4.23157270429844e-15,"2","Sec11a"
"Cox5b",2.2260324943391e-19,0.323948708699508,0.63,0.525,4.24482136345523e-15,"2","Cox5b"
"Bag1",2.64349101970338e-19,0.368347115153854,0.365,0.259,5.04087302547238e-15,"2","Bag1"
"Lpo",2.78602311626337e-19,0.377647891723136,0.707,0.643,5.31266748040262e-15,"2","Lpo"
"Ndufb101",2.83890361118282e-19,0.367946812496864,0.384,0.279,5.41350529616452e-15,"2","Ndufb10"
"Eef2",3.04571783924274e-19,0.339293492926497,0.827,0.793,5.80787934765198e-15,"2","Eef2"
"Hypk",3.14618230533388e-19,0.328820880870268,0.409,0.295,5.99945503804118e-15,"2","Hypk"
"Mrpl57",3.32501645245752e-19,0.38297800824485,0.335,0.233,6.34047387319125e-15,"2","Mrpl57"
"Tpd52l1",3.48811232732977e-19,0.26103159146528,0.505,0.38,6.65148139698513e-15,"2","Tpd52l1"
"Rps17",3.65156100513339e-19,0.324518999100571,0.721,0.664,6.96316168068887e-15,"2","Rps17"
"Sec62",3.9362523478525e-19,0.306023656480158,0.626,0.532,7.50603960211993e-15,"2","Sec62"
"Selenok",4.92370399315025e-19,0.331003777177576,0.517,0.4,9.38901114453821e-15,"2","Selenok"
"Pde3a",5.89029373214181e-19,0.457188786199752,0.271,0.18,1.12322011178212e-14,"2","Pde3a"
"Cisd1",7.69662554522148e-19,0.487960927741943,0.268,0.179,1.46766952521828e-14,"2","Cisd1"
"Ndufa5",7.83279555684815e-19,0.351780226651967,0.381,0.275,1.49363578473537e-14,"2","Ndufa5"
"Psme4",8.04029126611825e-19,0.29639185165368,0.327,0.224,1.53320314153609e-14,"2","Psme4"
"Brwd1",9.92068035326428e-19,0.301118749758717,0.289,0.192,1.89177453656397e-14,"2","Brwd1"
"Acly",1.11795732542239e-18,0.426626990059863,0.285,0.192,2.13183282384795e-14,"2","Acly"
"Sf3b1",1.23311738716656e-18,0.298157878883787,0.289,0.192,2.3514315455879e-14,"2","Sf3b1"
"Tomm61",1.39211921901377e-18,0.401708520390204,0.346,0.247,2.65463213873736e-14,"2","Tomm6"
"Fdx1",1.67416209373248e-18,0.406664698874951,0.332,0.234,3.19245969653846e-14,"2","Fdx1"
"Mrpl52",1.75658103994919e-18,0.349087511719231,0.377,0.271,3.34962438507912e-14,"2","Mrpl52"
"Yipf6",1.93867729124538e-18,0.397702462724322,0.315,0.219,3.69686372667582e-14,"2","Yipf6"
"Tcf12",2.21938571651674e-18,0.354198027860689,0.271,0.181,4.23214662282578e-14,"2","Tcf12"
"Eef1g",2.311551114755e-18,0.315065467751485,0.622,0.521,4.40789682072631e-14,"2","Eef1g"
"Pomp",2.76365962818586e-18,0.322818590201514,0.467,0.354,5.27002254498762e-14,"2","Pomp"
"Sars1",3.50998448052542e-18,0.419526617942955,0.272,0.183,6.69318940591393e-14,"2","Sars1"
"Osbp",3.72034617747911e-18,0.290833798590225,0.34,0.238,7.09432812583492e-14,"2","Osbp"
"Rab4a",5.26539706128114e-18,0.482735366215515,0.251,0.167,1.0040585656157e-13,"2","Rab4a"
"Tent5c",5.34529306791128e-18,0.422651906094012,0.267,0.18,1.01929393512e-13,"2","Tent5c"
"Map7",6.1376370597645e-18,0.271401944855822,0.281,0.187,1.17038601092649e-13,"2","Map7"
"Srsf2",6.50461290421152e-18,0.303791549855138,0.283,0.189,1.2403646347041e-13,"2","Srsf2"
"Elof1",6.71939559906048e-18,0.428251281308464,0.267,0.18,1.28132154678484e-13,"2","Elof1"
"Atox1",6.94483166273401e-18,0.487106763253353,0.28,0.194,1.32430994976675e-13,"2","Atox1"
"Slc35c2",6.99906941724787e-18,0.421328581194918,0.266,0.179,1.334652547175e-13,"2","Slc35c2"
"Rpl36a",8.98782371524423e-18,0.262621924750182,0.782,0.734,1.71388810425992e-13,"2","Rpl36a"
"Arl15",9.49987546638682e-18,0.372528256421675,0.264,0.177,1.8115312526853e-13,"2","Arl15"
"Fis1",9.58512649375113e-18,0.439602138528089,0.282,0.194,1.8277877710934e-13,"2","Fis1"
"Sec61a1",1.09441240811075e-17,0.278897096822437,0.44,0.328,2.08693502102638e-13,"2","Sec61a1"
"Psenen",1.10249834407992e-17,0.408060548717286,0.302,0.21,2.102354092326e-13,"2","Psenen"
"Fam241a",1.29934207017894e-17,0.335064925681543,0.315,0.22,2.47771539362422e-13,"2","Fam241a"
"Sh3bgrl",1.90886931344695e-17,0.46452408712323,0.262,0.178,3.64002289381199e-13,"2","Sh3bgrl"
"Rassf3",1.94732707240933e-17,0.360183320555365,0.306,0.213,3.71335799437734e-13,"2","Rassf3"
"Ndufb3",1.98702058146346e-17,0.264531795642915,0.476,0.36,3.78904954679267e-13,"2","Ndufb3"
"Spint2",2.51481394101647e-17,0.256904583557387,0.841,0.809,4.79549870412432e-13,"2","Spint2"
"Gm15501",2.85749139944506e-17,0.397231398966445,0.255,0.171,5.44895034960179e-13,"2","Gm15501"
"Arhgap26",3.17551841079661e-17,0.352276752774766,0.255,0.17,6.05539605754806e-13,"2","Arhgap26"
"Bhlha15",3.23735759597649e-17,0.301011703895302,0.388,0.282,6.17331719976757e-13,"2","Bhlha15"
"Stxbp6",4.53935034338288e-17,0.297942654969132,0.299,0.207,8.65608716979682e-13,"2","Stxbp6"
"Tmem214",4.66083072317187e-17,0.417042899826906,0.276,0.19,8.88773810601643e-13,"2","Tmem214"
"Atp1a1",4.82953745536372e-17,0.364706240050689,0.812,0.79,9.20944497363309e-13,"2","Atp1a1"
"Dpm3",4.9956124163171e-17,0.323916721346686,0.43,0.324,9.52613331667509e-13,"2","Dpm3"
"Tc2n",6.97588621477166e-17,0.350942497352402,0.283,0.193,1.33023174229481e-12,"2","Tc2n"
"Mcc",7.35124931359111e-17,0.335048347309779,0.276,0.189,1.40180973160869e-12,"2","Mcc"
"Ankhd1",7.49739414538991e-17,0.279939504658023,0.262,0.175,1.4296780895844e-12,"2","Ankhd1"
"Gsk3b",7.5391493106861e-17,0.364328377964029,0.263,0.178,1.43764038205473e-12,"2","Gsk3b"
"Usp9x",9.70270068911553e-17,0.410216440605498,0.258,0.175,1.85020799440744e-12,"2","Usp9x"
"Alcam",1.0228771639512e-16,0.355730382737171,0.295,0.205,1.95052446393854e-12,"2","Alcam"
"Phlpp1",1.11798663715486e-16,0.390562212830952,0.317,0.224,2.13188871839059e-12,"2","Phlpp1"
"Snrpe",1.16468135687757e-16,0.403877466296608,0.264,0.18,2.22093087942983e-12,"2","Snrpe"
"Rnaseh2c",1.34447284504003e-16,0.398979373128692,0.293,0.205,2.56377526820684e-12,"2","Rnaseh2c"
"Gpx1",1.52619145534532e-16,0.289140731928552,0.509,0.395,2.91029448619798e-12,"2","Gpx1"
"Ndufs4",1.62357672929556e-16,0.377005269007332,0.307,0.218,3.09599846509371e-12,"2","Ndufs4"
"Sypl1",1.6928159123612e-16,0.407693057749353,0.282,0.197,3.22803066328157e-12,"2","Sypl1"
"Vcp",2.08407694523075e-16,0.299570313457486,0.35,0.253,3.97412632686052e-12,"2","Vcp"
"Esrp1",2.56145739389063e-16,0.336359970350523,0.28,0.193,4.88444310441004e-12,"2","Esrp1"
"Pdxdc1",2.63193724465847e-16,0.352538113132089,0.272,0.186,5.01884113183924e-12,"2","Pdxdc1"
"Car12",3.23857919272946e-16,0.432407651310209,0.301,0.211,6.1756466626158e-12,"2","Car12"
"Prlr",3.8779757035056e-16,0.343499464050277,0.259,0.176,7.39491186901483e-12,"2","Prlr"
"Dhrs4",4.35264219110501e-16,0.363267531991073,0.337,0.244,8.30005339421814e-12,"2","Dhrs4"
"Tmem167",4.9489419497189e-16,0.364636485206622,0.336,0.244,9.43713740391896e-12,"2","Tmem167"
"Sf3b5",5.20153788037989e-16,0.372074507387933,0.262,0.179,9.91881258409641e-12,"2","Sf3b5"
"Uaca",5.76505292117374e-16,0.386481483130194,0.262,0.179,1.09933794153862e-11,"2","Uaca"
"Ndufs8",7.00310898981141e-16,0.426864071686941,0.264,0.183,1.33542285326714e-11,"2","Ndufs8"
"Lsm4",8.77312469058982e-16,0.452237009091861,0.271,0.19,1.67294714724857e-11,"2","Lsm4"
"Setbp1",1.02350108843274e-15,0.287194566449288,0.303,0.211,1.95171422553238e-11,"2","Setbp1"
"Mxd4",1.04475855183317e-15,0.379483197502895,0.264,0.182,1.99225008249067e-11,"2","Mxd4"
"Plpp5",1.85632450623844e-15,0.289589421808599,0.288,0.201,3.53982520094609e-11,"2","Plpp5"
"Tle5",1.97473190963159e-15,0.296886318140084,0.565,0.467,3.76561627847648e-11,"2","Tle5"
"Edf1",2.10937637900954e-15,0.262672678446401,0.668,0.578,4.02236981713329e-11,"2","Edf1"
"Lars1",2.19208798266372e-15,0.356863542031119,0.276,0.192,4.18009257414145e-11,"2","Lars1"
"Ankrd11",2.36601436732331e-15,0.285330305966438,0.253,0.172,4.51175279704882e-11,"2","Ankrd11"
"Mien11",2.48489063492273e-15,0.269758957306464,0.466,0.359,4.73843795173416e-11,"2","Mien1"
"Rpn1",3.37460250018306e-15,0.33045805942465,0.348,0.256,6.43502950759908e-11,"2","Rpn1"
"Carhsp1",3.81509181185259e-15,0.417017501331611,0.253,0.175,7.2749985760217e-11,"2","Carhsp1"
"Mrps211",3.8413770501256e-15,0.269865602415981,0.371,0.271,7.32512189688451e-11,"2","Mrps21"
"Hibadh",4.0794052494782e-15,0.316039560100468,0.26,0.179,7.77901787022998e-11,"2","Hibadh"
"Abcf1",4.1044886435539e-15,0.33870892673193,0.314,0.225,7.82684939439293e-11,"2","Abcf1"
"Bltp2",4.65481367110509e-15,0.343420567276367,0.256,0.176,8.87626418943029e-11,"2","Bltp2"
"Romo1",4.90768036013199e-15,0.291949951414356,0.39,0.291,9.35845567873569e-11,"2","Romo1"
"Ier3ip1",5.32214738446204e-15,0.330714633270162,0.327,0.237,1.01488028474307e-10,"2","Ier3ip1"
"Pigr",5.33959292003589e-15,0.300164938331368,0.734,0.675,1.01820697392164e-10,"2","Pigr"
"Timm10b",5.71598530929245e-15,0.283423668524496,0.373,0.276,1.08998123862898e-10,"2","Timm10b"
"Rex1bd",6.94739987036622e-15,0.432699747614692,0.284,0.204,1.32479968128013e-10,"2","Rex1bd"
"Cmpk1",7.25299361370279e-15,0.36543423812408,0.291,0.208,1.38307335219698e-10,"2","Cmpk1"
"Drap1",1.08584259838171e-14,0.345757683188669,0.279,0.197,2.07059325085409e-10,"2","Drap1"
"Dynlrb1",1.48922587552554e-14,0.321789113252115,0.309,0.222,2.83980482203966e-10,"2","Dynlrb1"
"Dnajc19",1.58788825592776e-14,0.323408191274995,0.328,0.24,3.02794411522864e-10,"2","Dnajc19"
"Snrpd2",1.94380474636698e-14,0.339674201476242,0.272,0.191,3.70664127084719e-10,"2","Snrpd2"
"Cd2ap",2.07483053353998e-14,0.283030123262279,0.277,0.194,3.95649434440740e-10,"2","Cd2ap"
"Tmem147",2.23077662245044e-14,0.339261273113914,0.324,0.237,4.25386794135075e-10,"2","Tmem147"
"Ndufb61",2.42681975680874e-14,0.309091860845073,0.373,0.28,4.62770259425859e-10,"2","Ndufb6"
"Auh",2.56870969274552e-14,0.250865581945147,0.304,0.217,4.89827251309643e-10,"2","Auh"
"Bckdha",2.65797855403221e-14,0.318426177338375,0.352,0.261,5.06849930468402e-10,"2","Bckdha"
"Ero1b",2.88405074602644e-14,0.290937135914349,0.311,0.224,5.49959636759783e-10,"2","Ero1b"
"Clint1",5.07655021197349e-14,0.276692440349035,0.268,0.187,9.68047359921224e-10,"2","Clint1"
"Denr",5.451151230021e-14,0.384463570110445,0.258,0.182,1.0394800280527e-09,"2","Denr"
"Ncor1",7.78987871467851e-14,0.261746031947744,0.345,0.254,1.48545197210205e-09,"2","Ncor1"
"Manf",1.01146946699372e-13,0.250184970447377,0.575,0.476,1.92877112661032e-09,"2","Manf"
"Farp1",1.03753917879978e-13,0.312929225457385,0.25,0.173,1.97848346005331e-09,"2","Farp1"
"Rbis",1.19970063732758e-13,0.333283847472889,0.257,0.181,2.28770914531997e-09,"2","Rbis"
"Shank2",1.32829563984395e-13,0.273806663756103,0.305,0.22,2.53292695561843e-09,"2","Shank2"
"Msrb1",1.33891445739306e-13,0.251508937699739,0.418,0.322,2.55317597880283e-09,"2","Msrb1"
"Ptms",1.79132747811318e-13,0.310626063914104,0.255,0.18,3.41588236801402e-09,"2","Ptms"
"Mrpl20",2.32570967589769e-13,0.337957659824382,0.322,0.24,4.4348957809693e-09,"2","Mrpl20"
"Anapc13",2.61906618890066e-13,0.273079315598076,0.32,0.235,4.99429731561466e-09,"2","Anapc13"
"Tm9sf2",3.09297882595193e-13,0.332572085791028,0.274,0.196,5.89800132320773e-09,"2","Tm9sf2"
"Coa3",3.68178469949906e-13,0.3851801531735,0.269,0.194,7.02079524347476e-09,"2","Coa3"
"Gjb1",4.11883456882282e-13,0.368333991821114,0.259,0.185,7.85420563928823e-09,"2","Gjb1"
"Elob",5.71099541267395e-13,0.254689600967735,0.479,0.382,1.08902971524279e-08,"2","Elob"
"Ndufab11",7.02240765714596e-13,0.325642497003042,0.303,0.225,1.33910291614116e-08,"2","Ndufab1"
"Kmt2e",7.28937794649222e-13,0.269571240821795,0.269,0.192,1.3900114806166e-08,"2","Kmt2e"
"Ndufv2",8.70717416005845e-13,0.347617669848013,0.258,0.185,1.66037104058155e-08,"2","Ndufv2"
"Fuom",8.88003221314461e-13,0.26742410110886,0.312,0.23,1.69333334272454e-08,"2","Fuom"
"Selenom",1.1647291458123e-12,0.399328233848353,0.304,0.228,2.22102200814947e-08,"2","Selenom"
"Bloc1s1",1.4189157805674e-12,0.398356763241945,0.264,0.192,2.70573050196397e-08,"2","Bloc1s1"
"Zfp106",2.84854418875381e-12,0.291779330660605,0.276,0.201,5.43188891353464e-08,"2","Zfp106"
"Agt",1.26386184630531e-11,0.256454470709703,0.864,0.863,2.4100581547196e-07,"2","Agt"
"Selenof",1.32152769363862e-11,0.255641533929353,0.569,0.483,2.52002115899949e-07,"2","Selenof"
"Pop5",1.71325721100886e-11,0.295094111078693,0.262,0.191,3.2670101756728e-07,"2","Pop5"
"Qsox1",1.91016733783457e-11,0.270272445011518,0.491,0.398,3.64249809651674e-07,"2","Qsox1"
"Rps15",4.94412778028716e-11,0.255079900796804,0.782,0.776,9.42795726422958e-07,"2","Rps15"
"Spdef",8.51074131319637e-11,0.254971651007311,0.266,0.196,1.62291326101341e-06,"2","Spdef"
"Mcee",3.84645087408887e-10,0.278594767806365,0.281,0.214,7.33479717180006e-06,"2","Mcee"
"Mrpl33",4.01647475552959e-09,0.27369179492839,0.252,0.19,7.65901571131937e-05,"2","Mrpl33"
"Dbi",1.90923298209643e-08,0.260364101751971,0.609,0.555,0.000364071637355969,"2","Dbi"
"Tmem160",1.13277103380316e-07,0.265297470272224,0.258,0.201,0.00216008108435924,"2","Tmem160"
"2310057J18Rik",0,3.2672226763957,0.661,0.257,0,"3","2310057J18Rik"
"Mup5",0,3.28612787241785,0.87,0.622,0,"3","Mup5"
"Gm532361",2.54489637339504e-62,0.266249535885557,1,1,4.85286289442701e-58,"3","Gm53236"
"Tmem176b1",9.75624620895798e-59,0.803595162844531,0.688,0.555,1.8604185895862e-54,"3","Tmem176b"
"Tmsb4x1",5.84189845835781e-53,0.306435707169538,0.996,0.996,1.11399161702425e-48,"3","Tmsb4x"
"Tmem176a1",1.50193166245044e-51,0.808528844203413,0.675,0.546,2.86403348712674e-47,"3","Tmem176a"
"Rps27a1",4.80255337421446e-50,0.299961811244098,0.992,0.985,9.15798902928956e-46,"3","Rps27a"
"Wfdc181",7.21902506773472e-47,0.966502672222066,0.434,0.272,1.37659589016633e-42,"3","Wfdc18"
"Rps71",2.70354123720847e-46,0.280196490111561,0.989,0.983,5.15538278523283e-42,"3","Rps7"
"Rps24",7.56415993524754e-46,0.255768596414644,0.998,0.994,1.44240965805235e-41,"3","Rps24"
"Rps3a11",2.19311840720206e-44,0.256911536431612,0.988,0.984,4.18205749069361e-40,"3","Rps3a1"
"Fth11",3.01229356228702e-44,0.34066445053113,0.975,0.969,5.74414259392512e-40,"3","Fth1"
"Rpl32",2.26065205905966e-42,0.261994196097587,0.999,0.995,4.31083741142086e-38,"3","Rpl32"
"Rps20",8.59926892244196e-37,0.268451051385295,0.993,0.99,1.63979459082046e-32,"3","Rps20"
"Pip1",2.22089363512148e-33,0.287447112770431,1,1,4.23502207281315e-29,"3","Pip"
"Rps15a1",2.61171257545844e-31,0.29258218624286,0.875,0.851,4.9802747101417e-27,"3","Rps15a"
"Eif11",6.72564871557002e-29,0.284369501679279,0.875,0.863,1.28251395357205e-24,"3","Eif1"
"Rps27l1",6.46528687755908e-28,0.256956583824553,0.952,0.953,1.23286555468174e-23,"3","Rps27l"
"Spcs11",5.47572473113096e-26,0.502520101948642,0.452,0.315,1.04416594897936e-21,"3","Spcs1"
"Rps131",1.73945793536524e-25,0.270960159466924,0.902,0.895,3.31697233694798e-21,"3","Rps13"
"Dynll11",1.57622804426463e-24,0.648062106348672,0.308,0.197,3.00570925760823e-20,"3","Dynll1"
"Zfp361",3.05182499199898e-24,0.450283399722452,0.372,0.246,5.81952507724286e-20,"3","Zfp36"
"Dusp11",7.8288574880834e-22,0.532777708223543,0.341,0.229,1.49288483440262e-17,"3","Dusp1"
"Swi51",1.97472603797429e-21,0.430087125240851,0.437,0.312,3.76560508181317e-17,"3","Swi5"
"Tmem591",7.39237495856814e-21,0.426322998872876,0.457,0.332,1.40965198084936e-16,"3","Tmem59"
"Rpl39",9.01491097544472e-21,0.256471512420263,0.894,0.899,1.71905337390755e-16,"3","Rpl39"
"Atp5mk2",7.32132441448146e-20,0.4162135071106,0.415,0.297,1.39610335259747e-15,"3","Atp5mk"
"Psmb51",2.69877173278056e-19,0.42869045567177,0.421,0.304,5.14628781723925e-15,"3","Psmb5"
"Kdelr11",2.79624410195392e-19,0.435709227025607,0.378,0.265,5.33215787801593e-15,"3","Kdelr1"
"Btf31",3.83318407550995e-19,0.4195215321813,0.49,0.376,7.30949871358992e-15,"3","Btf3"
"Srp142",4.48774894700521e-19,0.492110228748326,0.365,0.257,8.55768846704423e-15,"3","Srp14"
"Park71",1.19448372219745e-18,0.421761989281199,0.41,0.298,2.27776100985832e-14,"3","Park7"
"Rpl34",1.92748932589587e-18,0.250826408551753,0.837,0.834,3.67552939555084e-14,"3","Rpl34"
"Mrps241",2.25885537314107e-18,0.411037502696996,0.432,0.318,4.30741131104271e-14,"3","Mrps24"
"Bloc1s11",2.31290286520122e-18,0.501668811614556,0.289,0.191,4.41047447365221e-14,"3","Bloc1s1"
"Tspo1",3.5092925609066e-18,0.428121598298444,0.396,0.287,6.69186998439279e-14,"3","Tspo"
"Tbca1",1.82871819348838e-17,0.415983007963102,0.355,0.249,3.487182723163e-13,"3","Tbca"
"Sem11",3.0274557824459e-17,0.382003665761559,0.458,0.346,5.77305543154609e-13,"3","Sem1"
"Txn11",3.17663027009405e-17,0.365645903236952,0.45,0.336,6.05751626204234e-13,"3","Txn1"
"Rpl12",3.24545412754654e-17,0.265941874637471,0.85,0.854,6.18875647581849e-13,"3","Rpl12"
"Gng51",4.12108224929632e-17,0.352299771148275,0.612,0.52,7.85849174118315e-13,"3","Gng5"
"Cycs1",7.25721469579383e-17,0.357732476686434,0.489,0.375,1.38387827034093e-12,"3","Cycs"
"Rpl23a1",7.42426211482828e-17,0.421106154056383,0.439,0.334,1.41573254267661e-12,"3","Rpl23a"
"Tomm71",9.95320229088039e-17,0.382696085582875,0.422,0.313,1.89797614484798e-12,"3","Tomm7"
"Ppp1r14b1",1.17336947435255e-16,0.360883499720211,0.355,0.251,2.23749825064287e-12,"3","Ppp1r14b"
"Psenen1",1.33703672733289e-16,0.486003847331034,0.308,0.213,2.5495953353511e-12,"3","Psenen"
"Ndufb62",2.00034212847708e-16,0.391359752228226,0.387,0.282,3.81445240479294e-12,"3","Ndufb6"
"Tmed101",2.12297880804274e-16,0.350935407898246,0.403,0.295,4.04830828905671e-12,"3","Tmed10"
"Rbx11",5.84710918370831e-16,0.381706885287638,0.458,0.349,1.11498525024134e-11,"3","Rbx1"
"Mif1",1.20753381092278e-15,0.36318551090245,0.426,0.321,2.30264622404864e-11,"3","Mif"
"Arpc31",1.93576146174672e-15,0.430607490108748,0.349,0.253,3.69130353140481e-11,"3","Arpc3"
"Ndufc21",2.17711357570003e-15,0.399900592706931,0.402,0.301,4.15153787750239e-11,"3","Ndufc2"
"Ndufa72",2.83273258825863e-15,0.362670616710691,0.464,0.359,5.40173777255038e-11,"3","Ndufa7"
"Timm10b1",3.0521621704314e-15,0.382567344453361,0.379,0.279,5.82016804279564e-11,"3","Timm10b"
"Slc3a21",3.1163335368387e-15,0.436911623443461,0.323,0.229,5.94253642139772e-11,"3","Slc3a2"
"Gapdh1",4.09323017343919e-15,0.37445057083501,0.372,0.274,7.80538061773118e-11,"3","Gapdh"
"Mrps142",5.47869083735887e-15,0.367258485706754,0.393,0.29,1.04473155577596e-10,"3","Mrps14"
"Rnasek1",5.74290228306957e-15,0.365120042716316,0.452,0.349,1.09511403635854e-10,"3","Rnasek"
"Ifi27l2a",7.13319860270952e-15,0.304136141611234,0.892,0.894,1.36022964155068e-10,"3","Ifi27l2a"
"Esp8",7.16658943903731e-15,0.481556709565388,0.303,0.215,1.36659694013003e-10,"3","Esp8"
"Rps25",7.61397778705909e-15,0.259252768890699,0.824,0.817,1.4519094242143e-10,"3","Rps25"
"Arf11",7.68658801557773e-15,0.324603795971789,0.471,0.363,1.46575546869052e-10,"3","Arf1"
"Ndfip11",9.36659200582826e-15,0.330081743165755,0.397,0.293,1.78611542959139e-10,"3","Ndfip1"
"Hspe11",1.00077886698249e-14,0.34844887934938,0.36,0.263,1.90838522144891e-10,"3","Hspe1"
"Myl61",1.18201507004413e-14,0.38639128099839,0.453,0.357,2.25398453706714e-10,"3","Myl6"
"Nop102",1.61590997018239e-14,0.358082151047235,0.39,0.289,3.08137872214079e-10,"3","Nop10"
"Eif3m1",1.62551268715777e-14,0.367890738309476,0.338,0.242,3.09969014314115e-10,"3","Eif3m"
"Rps271",1.64316499491501e-14,0.284515723192542,0.751,0.745,3.13335132880344e-10,"3","Rps27"
"Pfn11",1.80045505591682e-14,0.363490168499258,0.371,0.274,3.43328774612779e-10,"3","Pfn1"
"Guk11",2.82763223544712e-14,0.358174103867283,0.37,0.273,5.39201190977411e-10,"3","Guk1"
"Ctsl1",4.8388773121887e-14,0.339999602604646,0.376,0.278,9.22725514661262e-10,"3","Ctsl"
"Cops9",5.63484309344009e-14,0.441839448832314,0.27,0.187,1.07450822948809e-09,"3","Cops9"
"Cyb5a1",7.46010937812977e-14,0.355287650298362,0.378,0.281,1.42256825731557e-09,"3","Cyb5a"
"Scp21",9.3909137438737e-14,0.374010033196917,0.327,0.236,1.79075334181928e-09,"3","Scp2"
"Tmem2232",9.55403184228658e-14,0.430510861940953,0.293,0.209,1.82185833200563e-09,"3","Tmem223"
"Nedd81",9.97794952550486e-14,0.337714210092738,0.404,0.304,1.90269519501852e-09,"3","Nedd8"
"Wfdc121",1.23276072106796e-13,0.328637482513615,0.974,0.981,2.35075141900449e-09,"3","Wfdc12"
"Psmb11",1.40852895291064e-13,0.376118364589033,0.357,0.263,2.68592386030531e-09,"3","Psmb1"
"Rps61",1.92548347581229e-13,0.45097668363852,0.312,0.226,3.67170444002646e-09,"3","Rps6"
"H2-K11",1.99785764226876e-13,0.333213370642017,0.46,0.362,3.8097147380423e-09,"3","H2-K1"
"Egr11",2.53859805277541e-13,0.332020656840494,0.316,0.228,4.84085262683743e-09,"3","Egr1"
"Ubl51",2.79618331860444e-13,0.3203597461555,0.463,0.365,5.33204197024681e-09,"3","Ubl5"
"Rab5if1",5.43043385108352e-13,0.355459754368104,0.366,0.275,1.03552943106312e-08,"3","Rab5if"
"Laptm4a1",5.49010447242698e-13,0.250563208227534,0.454,0.348,1.0469080218471e-08,"3","Laptm4a"
"Mpc12",5.65800358624683e-13,0.290239460513941,0.364,0.27,1.07892470386141e-08,"3","Mpc1"
"Bsg1",5.7645532640077e-13,0.298972156032405,0.447,0.347,1.09924266191363e-08,"3","Bsg"
"Ubb1",5.95871361971633e-13,0.339014167639838,0.521,0.439,1.13626710014371e-08,"3","Ubb"
"Map1lc3b1",7.74367508361416e-13,0.295460210925401,0.515,0.416,1.47664140169438e-08,"3","Map1lc3b"
"Alg51",1.24806899579951e-12,0.279399342002475,0.409,0.31,2.37994276809009e-08,"3","Alg5"
"Msrb11",1.44368990342632e-12,0.310052177315058,0.424,0.325,2.75297227684365e-08,"3","Msrb1"
"Ndufc1",1.45058869366335e-12,0.276358906895814,0.502,0.405,2.76612757994665e-08,"3","Ndufc1"
"Hypk1",2.40376538674269e-12,0.311057098866319,0.396,0.302,4.58374021597963e-08,"3","Hypk"
"Atp5f1c1",2.64657992244064e-12,0.306032603128781,0.517,0.424,5.04676325410205e-08,"3","Atp5f1c"
"Tomm201",2.69006676517508e-12,0.368325173401106,0.318,0.235,5.12968831451237e-08,"3","Tomm20"
"Fuom1",3.04705082720816e-12,0.341338306169374,0.319,0.233,5.81042122240324e-08,"3","Fuom"
"Gabarapl21",4.11989419508381e-12,0.39204471404497,0.289,0.208,7.85622624060531e-08,"3","Gabarapl2"
"Tmem2381",4.30728516479506e-12,0.287500439996569,0.411,0.315,8.21356208074771e-08,"3","Tmem238"
"Sec11a1",4.34749926279750e-12,0.368103237389456,0.266,0.188,8.29024634422856e-08,"3","Sec11a"
"Snrpe1",5.00195812473496e-12,0.389346915388763,0.261,0.184,9.5382339480571e-08,"3","Snrpe"
"Ssr21",5.69455516866759e-12,0.269050212717759,0.415,0.319,1.08589472511322e-07,"3","Ssr2"
"Polr2l",5.92743320456841e-12,0.293738909504448,0.391,0.296,1.13030223777915e-07,"3","Polr2l"
"Txndc172",6.46731209857145e-12,0.340301286358381,0.367,0.279,1.23325174407659e-07,"3","Txndc17"
"Pomp1",6.71520118398596e-12,0.289284466038592,0.455,0.361,1.28052171377428e-07,"3","Pomp"
"Selenom1",7.32282609919368e-12,0.408098532632375,0.31,0.23,1.39638970885524e-07,"3","Selenom"
"Mrpl201",9.09954319716561e-12,0.341920426560533,0.326,0.243,1.73519189226751e-07,"3","Mrpl20"
"Psmd81",9.1041151134876e-12,0.413835004235624,0.251,0.178,1.73606371099095e-07,"3","Psmd8"
"Imp31",9.44170304945051e-12,0.336320533062288,0.323,0.239,1.80043835449972e-07,"3","Imp3"
"Mt11",9.79798235178138e-12,0.37181373764693,0.358,0.278,1.86837725466119e-07,"3","Mt1"
"Bcas21",9.94191609062302e-12,0.293274944404251,0.381,0.289,1.8958239793209e-07,"3","Bcas2"
"Ost41",1.1803327240552e-11,0.417328192418188,0.274,0.199,2.25077647150085e-07,"3","Ost4"
"Tomm62",1.18354860179129e-11,0.299996510098231,0.339,0.252,2.25690882875582e-07,"3","Tomm6"
"Uqcrfs11",1.33352835271383e-11,0.307943320488911,0.371,0.283,2.54290521579001e-07,"3","Uqcrfs1"
"Ndufa81",1.47366383684539e-11,0.411697260177519,0.293,0.217,2.81012957048047e-07,"3","Ndufa8"
"Ndufb102",1.75281693921514e-11,0.304658859349352,0.373,0.285,3.34244662138935e-07,"3","Ndufb10"
"Mrpl521",2.33452048043106e-11,0.292999913973204,0.366,0.277,4.45169710413398e-07,"3","Mrpl52"
"Dnajc191",2.35123287141493e-11,0.312644843348282,0.327,0.244,4.48356596250113e-07,"3","Dnajc19"
"Ier3ip11",2.47773620453762e-11,0.337724131333098,0.324,0.241,4.72479516843279e-07,"3","Ier3ip1"
"Cnbp1",2.76354891315391e-11,0.252509845376118,0.418,0.323,5.26981142249319e-07,"3","Cnbp"
"Arl4a1",3.33735721633363e-11,0.271607376031104,0.351,0.264,6.36400647582661e-07,"3","Arl4a"
"Klf61",3.43570835449099e-11,0.295944667184059,0.284,0.206,6.55155226117886e-07,"3","Klf6"
"Pdia61",3.78235888776529e-11,0.298250347836744,0.354,0.268,7.21258016307963e-07,"3","Pdia6"
"Ybx11",3.95347034116257e-11,0.429308859964331,0.281,0.208,7.53887259356291e-07,"3","Ybx1"
"Smpdl3a1",4.48668157064676e-11,0.254464667158623,0.384,0.293,8.55565308706631e-07,"3","Smpdl3a"
"Romo11",4.55016746288546e-11,0.29523043346211,0.384,0.296,8.67671433497629e-07,"3","Romo1"
"Cox7a2l1",4.86691415689201e-11,0.28224347290176,0.381,0.293,9.28071860577737e-07,"3","Cox7a2l"
"Gadd45g1",4.88728114816321e-11,0.361411514025119,0.309,0.231,9.31955642143242e-07,"3","Gadd45g"
"Commd31",4.96906047755736e-11,0.337921228968494,0.308,0.229,9.47550142465412e-07,"3","Commd3"
"Mrpl54",5.52353975697447e-11,0.367839683779474,0.273,0.199,1.05328379625746e-06,"3","Mrpl54"
"Eif3k1",7.17738477722483e-11,0.330715254578174,0.37,0.287,1.368655503169e-06,"3","Eif3k"
"Dpm31",7.829137496294e-11,0.261755758505138,0.421,0.33,1.4929382291683e-06,"3","Dpm3"
"Lamtor41",8.14638974141511e-11,0.284096242986964,0.377,0.29,1.55343505979045e-06,"3","Lamtor4"
"Selenok1",9.55613555214142e-11,0.291851083048731,0.495,0.408,1.82225948843785e-06,"3","Selenok"
"Psma21",1.27212976733936e-10,0.387932053971503,0.352,0.274,2.42582425333942e-06,"3","Psma2"
"Gas51",1.28828514148318e-10,0.27426796352381,0.341,0.257,2.45663093629428e-06,"3","Gas5"
"Psmb61",1.75107084632108e-10,0.309999278402883,0.366,0.282,3.33911699684967e-06,"3","Psmb6"
"Psma71",2.13728751863173e-10,0.26492668706046,0.482,0.393,4.07559356927884e-06,"3","Psma7"
"Atp5me",2.17324610841781e-10,0.320420235245502,0.429,0.347,4.14416300414192e-06,"3","Atp5me"
"Atp6v1f1",2.21399684843546e-10,0.321490751259573,0.35,0.271,4.22187059028157e-06,"3","Atp6v1f"
"Ndufa51",2.97886581807125e-10,0.259599244375996,0.366,0.282,5.68039922848007e-06,"3","Ndufa5"
"Eif3f1",3.01822544206225e-10,0.26189494089306,0.349,0.266,5.7554540954685e-06,"3","Eif3f"
"Ginm11",3.87770125691491e-10,0.306081208630706,0.325,0.248,7.39438852681105e-06,"3","Ginm1"
"Pebp11",3.89889185182537e-10,0.262370121815202,0.403,0.319,7.4347968722458e-06,"3","Pebp1"
"Rab251",4.11694999652266e-10,0.322846045271295,0.286,0.212,7.85061194836906e-06,"3","Rab25"
"Selenow1",4.96773433206351e-10,0.355173456686878,0.29,0.217,9.47297259781191e-06,"3","Selenow"
"Coa31",4.97132387494553e-10,0.391537421843466,0.266,0.197,9.47981749713363e-06,"3","Coa3"
"Mcee1",6.06605363118556e-10,0.335048772449833,0.289,0.216,1.15673576693077e-05,"3","Mcee"
"Tmem1671",7.58421837942497e-10,0.2931411474422,0.328,0.249,1.44623460277255e-05,"3","Tmem167"
"Abracl1",7.61800054550912e-10,0.317160766349089,0.328,0.251,1.45267652402313e-05,"3","Abracl"
"Hsbp11",8.09262125870305e-10,0.379035653483107,0.267,0.197,1.54318194782208e-05,"3","Hsbp1"
"Mrps212",9.38829602003297e-10,0.283423851778937,0.358,0.277,1.79025416806009e-05,"3","Mrps21"
"Ndufa121",1.02183205443534e-09,0.298638165711562,0.346,0.268,1.94853154460275e-05,"3","Ndufa12"
"Tmem1471",1.65786789125881e-09,0.314791065812618,0.315,0.242,3.16138828184143e-05,"3","Tmem147"
"Timm17b1",1.69490883611203e-09,0.322275637864591,0.269,0.2,3.23202165958203e-05,"3","Timm17b"
"Ppp1ca1",1.7691054685973e-09,0.325832314592027,0.299,0.228,3.3735072180682e-05,"3","Ppp1ca"
"Polr1d1",1.93897309705498e-09,0.264805258288512,0.488,0.406,3.69742779877414e-05,"3","Polr1d"
"Ndufab12",2.46614767344834e-09,0.286309063103842,0.302,0.228,4.70269699849863e-05,"3","Ndufab1"
"Ostc",2.51053007962232e-09,0.267583142614271,0.32,0.245,4.78732980883181e-05,"3","Ostc"
"Rer11",2.78574280706126e-09,0.297065020927894,0.361,0.284,5.31213295878511e-05,"3","Rer1"
"Cox141",2.83099584531164e-09,0.356321489679734,0.257,0.191,5.39842597742478e-05,"3","Cox14"
"Rpl311",3.16442887365706e-09,0.277604639951491,0.431,0.352,6.03424941917664e-05,"3","Rpl31"
"Creg11",3.49579534104315e-09,0.289607737796697,0.3,0.228,6.66613213583518e-05,"3","Creg1"
"Prdx51",3.52187360428442e-09,0.37197635385176,0.258,0.194,6.71586077600997e-05,"3","Prdx5"
"Sub11",3.58020553823232e-09,0.334916800887431,0.276,0.209,6.82709394085521e-05,"3","Sub1"
"Rex1bd1",3.90963687799602e-09,0.320713853856649,0.277,0.209,7.45528656265061e-05,"3","Rex1bd"
"Ndufs31",3.97505857511e-09,0.334169645353461,0.286,0.218,7.58003919687727e-05,"3","Ndufs3"
"Cnpy21",4.07547414906617e-09,0.273567301138373,0.436,0.357,7.77152165485428e-05,"3","Cnpy2"
"Ndufb51",4.32854180925187e-09,0.263911054262427,0.486,0.411,8.2540963760624e-05,"3","Ndufb5"
"Oaz11",4.48972594533565e-09,0.263841226947376,0.33,0.255,8.56145840516056e-05,"3","Oaz1"
"Mrfap11",5.7659923254026e-09,0.278010428661206,0.317,0.245,0.000109951707653102,"3","Mrfap1"
"Dcpp11",6.64481568650512e-09,0.301453082160031,0.316,0.246,0.000126709990325966,"3","Dcpp1"
"Mrps161",6.66247595603996e-09,0.286898524793407,0.319,0.245,0.000127046754005726,"3","Mrps16"
"Ndufb1",6.78650416253348e-09,0.32421563734388,0.387,0.312,0.000129411847875351,"3","Ndufb1"
"Cmpk11",7.86033531996237e-09,0.310247639854647,0.28,0.212,0.000149888734216362,"3","Cmpk1"
"Erp291",8.28951161663793e-09,0.295742373448012,0.276,0.208,0.000158072697017669,"3","Erp29"
"Cyc11",1.07547744970393e-08,0.263941844800092,0.358,0.283,0.000205082794884042,"3","Cyc1"
"Bbln1",1.16877466485282e-08,0.325213686084819,0.274,0.208,0.000222873640840784,"3","Bbln"
"Tmem14c1",1.19937084692375e-08,0.30254420909551,0.314,0.244,0.000228708026799891,"3","Tmem14c"
"Echs11",1.52595945764959e-08,0.346602666961513,0.268,0.204,0.0002909852089792,"3","Echs1"
"Sar1b1",2.41717674791222e-08,0.284237898938856,0.305,0.237,0.000460931434059381,"3","Sar1b"
"Snhg18",2.69629083664891e-08,0.264974131878212,0.293,0.224,0.000514155699640581,"3","Snhg18"
"Arpp19",3.38651389895228e-08,0.330985477473983,0.251,0.19,0.000645774335391209,"3","Arpp19"
"Fis11",3.72710309015665e-08,0.327527276652142,0.262,0.2,0.000710721288261971,"3","Fis1"
"Rnaseh2c1",7.29967746058092e-08,0.29692611149039,0.275,0.211,0.00139197549495818,"3","Rnaseh2c"
"Arl11",7.41911426913411e-08,0.278904918525567,0.296,0.231,0.00141475089998118,"3","Arl1"
"Aurkaip11",7.62386077054619e-08,0.285456906228017,0.295,0.23,0.00145379401033545,"3","Aurkaip1"
"Ndufa3",9.85527015906271e-08,0.312116931514293,0.286,0.224,0.00187930146663167,"3","Ndufa3"
"Ncbp2as21",1.49790728664749e-07,0.305205398376301,0.297,0.235,0.00285635940490809,"3","Ncbp2as2"
"Tmem2581",2.34089892058632e-07,0.266972716490661,0.329,0.265,0.00446386015166606,"3","Tmem258"
"Pop51",2.64622663215412e-07,0.313210349970582,0.254,0.196,0.0050460895648547,"3","Pop5"
"Chmp2a1",2.8586444594145e-07,0.252577589464451,0.284,0.221,0.00545114911965751,"3","Chmp2a"
"Mrpl14",2.97360497994322e-07,0.297733741423079,0.264,0.205,0.00567036733625373,"3","Mrpl14"
"Abhd11os1",3.10149129098765e-07,0.305058118009881,0.304,0.242,0.00591423374278434,"3","Abhd11os"
"Ier21",4.01020327381413e-07,0.293686865120375,0.423,0.37,0.00764705662283616,"3","Ier2"
"Atox11",5.43925342240592e-07,0.287666322925645,0.257,0.201,0.0103721123511859,"3","Atox1"
"Tmem1341",5.66224307555422e-07,0.280761904386925,0.289,0.23,0.0107973313207743,"3","Tmem134"
"Pycard1",5.92500360558706e-07,0.286509038451556,0.291,0.23,0.011298389375494,"3","Pycard"
"Higd2a2",6.39978309453984e-07,0.277614323271619,0.28,0.222,0.012203746382978,"3","Higd2a"
"Uqcc21",8.98758717008874e-07,0.270308236349496,0.294,0.235,0.0171384299746422,"3","Uqcc2"
"Dynlrb11",1.28260758050724e-06,0.27222834412424,0.287,0.229,0.0244580439526925,"3","Dynlrb1"
"Taf101",1.54475089827114e-06,0.307537720289373,0.256,0.203,0.0294568548791324,"3","Taf10"
"Psma31",1.5723993628529e-06,0.289466007725635,0.282,0.226,0.0299840834502419,"3","Psma3"
"Dctn31",1.64983015670329e-06,0.262747656220106,0.255,0.201,0.031460611258175,"3","Dctn3"
"Stmn1",0,7.35200641451001,0.949,0.028,0,"5","Stmn1"
"Birc5",0,8.07191966394705,0.827,0.006,0,"5","Birc5"
"Tubb5",0,6.0122756350593,0.864,0.063,0,"5","Tubb5"
"Hmgb2",0,7.02790139324017,0.813,0.023,0,"5","Hmgb2"
"Cdk1",0,7.94622040991448,0.757,0.006,0,"5","Cdk1"
"Ube2c",0,9.17145533749797,0.72,0.004,0,"5","Ube2c"
"Smc4",0,6.62096505403395,0.72,0.02,0,"5","Smc4"
"D17H6S56E-5",0,6.44195746068604,0.724,0.034,0,"5","D17H6S56E-5"
"Cenpm",0,7.07521725404763,0.692,0.008,0,"5","Cenpm"
"Top2a",0,8.16581980282854,0.678,0.005,0,"5","Top2a"
"Tuba1b",0,6.26986705370491,0.687,0.019,0,"5","Tuba1b"
"Cks2",0,5.83925890715678,0.673,0.023,0,"5","Cks2"
"Cdkn2d",0,6.37875441344893,0.654,0.014,0,"5","Cdkn2d"
"Spc24",0,7.33460730976454,0.645,0.005,0,"5","Spc24"
"Pbk",0,8.79361850145995,0.64,0.002,0,"5","Pbk"
"Mki67",0,7.61462967761614,0.64,0.008,0,"5","Mki67"
"Cdca3",0,8.1529406730686,0.626,0.003,0,"5","Cdca3"
"Prc1",0,7.84285117775478,0.621,0.006,0,"5","Prc1"
"Smc2",0,6.7785491797423,0.617,0.01,0,"5","Smc2"
"Lockd",0,7.61540552869205,0.575,0.005,0,"5","Lockd"
"Cdca8",0,7.94217357685178,0.57,0.003,0,"5","Cdca8"
"Ckap2",0,7.64391053402499,0.57,0.007,0,"5","Ckap2"
"Cenpf",0,9.66675240869227,0.547,0.002,0,"5","Cenpf"
"Diaph3",0,7.69846126841961,0.547,0.003,0,"5","Diaph3"
"Spc25",0,5.97964302096366,0.547,0.013,0,"5","Spc25"
"Tpx2",0,8.50642046066024,0.533,0.002,0,"5","Tpx2"
"Ccdc34",0,5.16529926124894,0.547,0.022,0,"5","Ccdc34"
"Hmmr",0,8.80218778018512,0.519,0.002,0,"5","Hmmr"
"Nusap1",0,7.37597732877835,0.519,0.005,0,"5","Nusap1"
"Cdc20",0,8.50680197462277,0.509,0.003,0,"5","Cdc20"
"Rrm2",0,6.52644821424307,0.514,0.009,0,"5","Rrm2"
"Cenpa",0,8.38549567840064,0.505,0.002,0,"5","Cenpa"
"Cenpw",0,6.44802421590322,0.5,0.007,0,"5","Cenpw"
"Tyms",0,4.71296083811472,0.514,0.026,0,"5","Tyms"
"H1f5",0,7.5811356266073,0.477,0.005,0,"5","H1f5"
"Ckap2l",0,8.05347399662624,0.439,0.002,0,"5","Ckap2l"
"Ccnb2",0,6.8705347364405,0.439,0.005,0,"5","Ccnb2"
"Racgap1",0,7.25937829517411,0.421,0.004,0,"5","Racgap1"
"Cenpp",0,6.3733307414939,0.421,0.006,0,"5","Cenpp"
"Tk1",0,7.00369817273837,0.407,0.004,0,"5","Tk1"
"Rad51",0,5.77866815999398,0.379,0.008,0,"5","Rad51"
"H1f10",0,5.92587176452268,0.35,0.007,0,"5","H1f10"
"Ube2t",0,6.40895465122462,0.336,0.004,0,"5","Ube2t"
"H2ac23",0,6.69708003802125,0.332,0.008,0,"5","H2ac23"
"Gmnn",0,5.41767186832573,0.332,0.009,0,"5","Gmnn"
"Knl1",0,7.91591463994451,0.322,0.001,0,"5","Knl1"
"Ccna2",0,12.0719196639471,0.285,0,0,"5","Ccna2"
"Cenpk",0,5.68426738683686,0.271,0.005,0,"5","Cenpk"
"Esco2",0,9.74999156905969,0.257,0,0,"5","Esco2"
"Cenpe",0,10.3222430180313,0.252,0,0,"5","Cenpe"
"Cdkn3",0,8.76885059631101,0.252,0.001,0,"5","Cdkn3"
"Lmnb1",7.87244200083442e-319,5.29890110575971,0.332,0.01,0,"5","Lmnb1"
"Rrm1",7.79930396385445e-296,5.01467571211258,0.379,0.015,1.48724927286741e-291,"5","Rrm1"
"Ncapg2",5.02514637436314e-282,5.64711438841939,0.262,0.006,9.58245162127307e-278,"5","Ncapg2"
"Nek3",2.25807237199842e-274,5.86114514892093,0.29,0.009,4.30591820616378e-270,"5","Nek3"
"Cenpq",3.52196718972694e-256,4.70851493308353,0.35,0.015,6.7160392340903e-252,"5","Cenpq"
"Lig1",1.2429438971802e-254,4.83863892646787,0.355,0.016,2.37016971753293e-250,"5","Lig1"
"Dnph1",5.85819551241256e-250,5.07397040351182,0.28,0.009,1.11709930226195e-245,"5","Dnph1"
"H2az2",2.31137923764486e-238,4.07549730743896,0.832,0.123,4.40756906826497e-234,"5","H2az2"
"Bok",4.92428108895749e-225,5.11997697813855,0.252,0.008,9.39011160853304e-221,"5","Bok"
"Pcna",6.23836019656492e-223,4.45188844722996,0.547,0.049,1.18959290588296e-218,"5","Pcna"
"Ube2s1",3.1326718792896e-218,3.91903072171803,0.949,0.195,5.97369200661733e-214,"5","Ube2s"
"S100a10",8.28381004290079e-218,4.27465355951303,0.336,0.017,1.57963973708075e-213,"5","S100a10"
"Hmgn2",1.68475315438281e-208,4.48003774928611,0.322,0.016,3.21265579009258e-204,"5","Hmgn2"
"Tmpo",2.33136536002827e-207,3.86513084529695,0.612,0.066,4.44568060503792e-203,"5","Tmpo"
"Cdkn2c",1.4332879703254e-206,4.15757983616257,0.444,0.033,2.7331368306135e-202,"5","Cdkn2c"
"Plp2",1.11384278296338e-200,4.01107770310396,0.43,0.032,2.12398680283287e-196,"5","Plp2"
"Arl6ip1",9.6067865829373e-196,4.86696218946903,0.575,0.064,1.83191813350031e-191,"5","Arl6ip1"
"Dut",3.71133363129367e-195,4.15130730766953,0.542,0.055,7.0771421015139e-191,"5","Dut"
"Selenoh",2.98842927004505e-184,3.61838118125791,0.701,0.102,5.6986357750489e-180,"5","Selenoh"
"Hirip3",6.93356662789754e-182,4.66479355565421,0.252,0.011,1.32216182027378e-177,"5","Hirip3"
"Rad51b",2.15714074506941e-178,4.23263187858416,0.285,0.015,4.11345168677286e-174,"5","Rad51b"
"Prdx4",1.04789775395318e-177,3.61047788051347,0.533,0.057,1.99823622701332e-173,"5","Prdx4"
"Ran",3.07987709929974e-169,3.47244757485001,0.776,0.145,5.87301764065468e-165,"5","Ran"
"H2az1",2.78139452508305e-168,4.11733232630724,0.991,0.402,5.30384121988086e-164,"5","H2az1"
"Kpna2",1.06612765857779e-167,4.63956757936604,0.393,0.032,2.03299883214198e-163,"5","Kpna2"
"Rfc4",1.51728030845894e-164,4.14976231168523,0.341,0.024,2.89330182020035e-160,"5","Rfc4"
"Tuba1c",1.79066587043645e-156,3.81817091177475,0.636,0.098,3.41462074833526e-152,"5","Tuba1c"
"Atad2",1.31433765377789e-155,4.01663722844586,0.364,0.029,2.50631047198905e-151,"5","Atad2"
"Ezh2",1.46987857235959e-152,3.74545874795678,0.453,0.048,2.80291144963251e-148,"5","Ezh2"
"Hmgb11",7.36366813786662e-150,3.23533516622457,0.808,0.181,1.40417787720979e-145,"5","Hmgb1"
"Tubb4b1",4.83801393733749e-149,3.77547957262193,0.907,0.274,9.22560877710886e-145,"5","Tubb4b"
"Dek",5.21262030256247e-147,3.61709190531994,0.533,0.07,9.93994565495637e-143,"5","Dek"
"Bub3",1.25979182592645e-145,3.48888866686837,0.43,0.044,2.40229703285914e-141,"5","Bub3"
"Hpf1",8.66476698462741e-144,3.49068178717957,0.411,0.041,1.6522844162986e-139,"5","Hpf1"
"Mcm7",1.99486580872885e-142,4.22515747520075,0.271,0.017,3.80400961066504e-138,"5","Mcm7"
"Reep4",5.58084328453023e-142,4.03164979930089,0.285,0.019,1.06421100592707e-137,"5","Reep4"
"Ptma1",4.20819357969525e-137,2.9266111910372,1,0.794,8.02460433712087e-133,"5","Ptma"
"Ywhah",1.03227733488397e-136,3.46513748661775,0.416,0.044,1.96844964989024e-132,"5","Ywhah"
"Dctpp1",2.52143610472138e-135,3.37020393961332,0.495,0.064,4.8081265080932e-131,"5","Dctpp1"
"Lsm3",5.73149888728323e-134,3.77400401467179,0.322,0.026,1.09293952281604e-129,"5","Lsm3"
"Bex3",9.2592812012727e-134,3.6363651473277,0.355,0.032,1.76565233227069e-129,"5","Bex3"
"Nucks1",9.01366171712774e-131,3.22593399217063,0.678,0.132,1.71881515283909e-126,"5","Nucks1"
"Snrpd1",6.80097821448617e-129,3.14225776067988,0.593,0.098,1.29687853572037e-124,"5","Snrpd1"
"Cks1b",4.53853085815522e-126,3.14592024539083,0.505,0.07,8.65452449341619e-122,"5","Cks1b"
"Alyref",1.03256563309142e-124,3.33491857083175,0.453,0.057,1.96899940574202e-120,"5","Alyref"
"Clic11",1.14075558333709e-122,3.04530098669801,0.687,0.143,2.17530682186549e-118,"5","Clic1"
"G2e3",3.47797250146785e-122,3.81965321477913,0.308,0.027,6.63214576304904e-118,"5","G2e3"
"Nsmce1",6.7506363465602e-121,3.47577275779718,0.355,0.036,1.28727884492556e-116,"5","Nsmce1"
"Ncapd3",1.19448555861048e-114,3.83250365035899,0.299,0.027,2.27776451171432e-110,"5","Ncapd3"
"Rad21",1.66572615105004e-114,3.45034901907195,0.425,0.055,3.17637319743732e-110,"5","Rad21"
"Tagln2",2.50314821132167e-114,3.3502369113195,0.463,0.065,4.7732533241693e-110,"5","Tagln2"
"Hat1",3.97354220133628e-110,3.76755620487375,0.318,0.032,7.57714762372816e-106,"5","Hat1"
"Car2",5.79590798967945e-108,3.63757902627259,0.383,0.047,1.10522169455198e-103,"5","Car2"
"Hsp90aa11",1.329684438471e-107,2.82533107871177,0.762,0.212,2.53557525572036e-103,"5","Hsp90aa1"
"Calm3",4.23690955325925e-107,2.94730929110511,0.5,0.079,8.07936282711007e-103,"5","Calm3"
"Dnajc9",7.99562205211123e-105,3.25257618162026,0.393,0.05,1.52468516911709e-100,"5","Dnajc9"
"H4c4",1.02608875763451e-104,3.74022379281087,0.374,0.046,1.95664865193324e-100,"5","H4c4"
"Cbx5",2.12683496555011e-104,3.26519631176378,0.379,0.047,4.05566159580751e-100,"5","Cbx5"
"Anp32b",1.10337730955787e-101,2.91471890358396,0.598,0.124,2.1040301915959e-97,"5","Anp32b"
"Dtymk",3.31262498926005e-101,2.98034109922287,0.486,0.08,6.31684459201998e-97,"5","Dtymk"
"Anapc15",3.42790648038338e-101,3.4063807075608,0.299,0.03,6.53667486744307e-97,"5","Anapc15"
"Lsm5",1.69866821786051e-100,3.25245016554463,0.355,0.043,3.23919042463821e-96,"5","Lsm5"
"Hjurp",1.30453005624212e-96,3.62710010146089,0.332,0.039,2.48760836424811e-92,"5","Hjurp"
"Ppia1",1.76618188873486e-96,2.00313889608154,0.977,0.711,3.3679322436285e-92,"5","Ppia"
"Terf1",3.89258647406937e-95,3.57517160388938,0.299,0.032,7.42277314740288e-91,"5","Terf1"
"Hmgn1",1.13550086337275e-94,2.69233302260543,0.593,0.126,2.16528659636549e-90,"5","Hmgn1"
"Usp1",3.42516757034408e-93,3.34509470927771,0.327,0.039,6.53145203988912e-89,"5","Usp1"
"Rangap1",3.75839764212072e-91,3.28619475786099,0.374,0.052,7.16688846375999e-87,"5","Rangap1"
"Hdgf",1.34241443920166e-90,2.7060779476377,0.542,0.108,2.55985009411365e-86,"5","Hdgf"
"Atp5if1",1.61962058095257e-90,2.65671187031672,0.551,0.113,3.08845448581845e-86,"5","Atp5if1"
"Rfc2",1.14894041385947e-89,3.44626226394775,0.28,0.03,2.19091447518862e-85,"5","Rfc2"
"Snrpe2",4.357921681228e-89,2.50045000170072,0.682,0.186,8.31012085393367e-85,"5","Snrpe"
"Calm21",5.19148353270433e-87,1.96275896607702,0.967,0.808,9.89963994851388e-83,"5","Calm2"
"Txn12",1.29171960519336e-86,2.12058290464318,0.864,0.342,2.46318011514322e-82,"5","Txn1"
"Sae1",1.76120835918641e-86,2.93115959588244,0.407,0.064,3.35844822013256e-82,"5","Sae1"
"Tipin",2.04730251821257e-86,3.55916446284662,0.257,0.026,3.90400117197955e-82,"5","Tipin"
"Nudc",4.22425787822466e-82,2.64876896080438,0.495,0.098,8.05523734798661e-78,"5","Nudc"
"Hint1",8.28898574336538e-79,1.66184735933725,0.953,0.751,1.58062669140234e-74,"5","Hint1"
"Cmc2",2.86755727396465e-78,2.92970159167458,0.36,0.055,5.46814496572319e-74,"5","Cmc2"
"Rdm1",1.03551775144865e-75,3.1333202086112,0.257,0.029,1.97462880023742e-71,"5","Rdm1"
"Psip1",2.56939917156492e-74,3.00535730357986,0.336,0.051,4.89958728025714e-70,"5","Psip1"
"Jpt11",1.94430109289171e-72,2.5583347442803,0.64,0.198,3.7075877540352e-68,"5","Jpt1"
"Srsf31",3.82754970832773e-72,2.29561317814868,0.621,0.177,7.29875453881016e-68,"5","Srsf3"
"Ptms1",2.70220959115035e-71,2.58394106267051,0.621,0.185,5.1528434693646e-67,"5","Ptms"
"Snrpg",5.67775104322336e-70,2.50480161818494,0.565,0.15,1.08269034643226e-65,"5","Snrpg"
"Carhsp11",1.02808281441073e-69,2.08719277501835,0.636,0.18,1.96045111879983e-65,"5","Carhsp1"
"Banf1",1.27018483098505e-69,2.33213905417379,0.514,0.118,2.42211545420538e-65,"5","Banf1"
"Fuom2",1.34044960564876e-66,2.05659754177012,0.701,0.236,2.55610335301162e-62,"5","Fuom"
"Pradc1",3.34821580125539e-66,2.83606498280404,0.341,0.057,6.38471271141391e-62,"5","Pradc1"
"Ssna1",5.6119604636029e-66,2.54242179323225,0.411,0.081,1.07014474080444e-61,"5","Ssna1"
"Ly6e",5.12298303322429e-65,2.5226483877722,0.486,0.114,9.7690163460554e-61,"5","Ly6e"
"Rbbp7",2.02465258872607e-64,2.6287877406128,0.355,0.063,3.86081002144175e-60,"5","Rbbp7"
"Ranbp1",1.12576659086253e-63,2.43226202471669,0.43,0.091,2.14672431211576e-59,"5","Ranbp1"
"1810037I17Rik",2.41471917502701e-63,2.52817331569588,0.509,0.132,4.604627994859e-59,"5","1810037I17Rik"
"Anapc11",8.06492537798613e-63,2.88078785550687,0.285,0.042,1.53790062032817e-58,"5","Anapc11"
"H3f3a1",3.88714401957704e-62,1.86555451464344,0.818,0.431,7.41239493093146e-58,"5","H3f3a"
"Elof11",1.17645864870782e-60,2.04199280272276,0.612,0.187,2.24338899722095e-56,"5","Elof1"
"Lmna1",1.23709823282124e-60,2.05407452975929,0.636,0.201,2.35902262016683e-56,"5","Lmna"
"Lsm8",3.02206616816358e-60,2.58155464927679,0.36,0.068,5.76277797607113e-56,"5","Lsm8"
"Tsen34",4.11620699176257e-60,2.44427476450434,0.402,0.084,7.84919511259204e-56,"5","Tsen34"
"Mrpl18",3.82834865224658e-59,2.0682656282286,0.584,0.174,7.300278044969e-55,"5","Mrpl18"
"Atp5mc21",1.14098532312416e-58,1.51312327964135,0.893,0.57,2.17574491266546e-54,"5","Atp5mc2"
"Ddx39a",2.16557706660163e-57,3.00438496762185,0.257,0.038,4.12953890830265e-53,"5","Ddx39a"
"H1f4",4.06004721573373e-57,3.10798176273089,0.458,0.117,7.74210403568265e-53,"5","H1f4"
"Rnaseh2c2",5.65422214977948e-57,2.06279373154366,0.631,0.212,1.07820362174145e-52,"5","Rnaseh2c"
"Tpm4",2.55373067933172e-56,2.41936146628586,0.369,0.075,4.86970903241766e-52,"5","Tpm4"
"Dpy30",3.17706139754703e-56,2.33584302293721,0.397,0.085,6.05833837898244e-52,"5","Dpy30"
"H3f3b1",6.81946071338265e-55,1.43834599996729,0.977,0.833,1.30040296343494e-50,"5","H3f3b"
"Dbi1",1.27550937051105e-54,1.65756701745102,0.879,0.558,2.43226881862752e-50,"5","Dbi"
"Actg11",2.16608348788136e-54,1.44944187364262,0.967,0.821,4.13050460304096e-50,"5","Actg1"
"Siva1",5.92061906655705e-53,2.84932344046009,0.276,0.047,1.12900284980176e-48,"5","Siva1"
"Snrpa1",1.08145113251007e-52,2.76972248797535,0.285,0.049,2.06221916458345e-48,"5","Snrpa1"
"Cenpx",1.28021156950898e-52,1.85436579954699,0.626,0.21,2.44123544189667e-48,"5","Cenpx"
"Nap1l1",1.41267874575949e-51,1.90686633270049,0.589,0.189,2.69383710028876e-47,"5","Nap1l1"
"Ckap5",5.52641760259732e-51,2.90167151432534,0.294,0.055,1.05383257263928e-46,"5","Ckap5"
"Erh",5.28822668190887e-50,1.99644961018,0.505,0.146,1.0084119459732e-45,"5","Erh"
"Gnai2",1.62720553192404e-49,2.74328035124421,0.252,0.041,3.10291822882594e-45,"5","Gnai2"
"Lsm2",3.21413901925359e-49,2.64058391969753,0.285,0.052,6.12904169581467e-45,"5","Lsm2"
"Ifitm3",6.02372343335151e-49,2.13641458329943,0.444,0.117,1.1486638215058e-44,"5","Ifitm3"
"Gltp",1.17043786074721e-48,2.21790635821656,0.397,0.096,2.23190795665886e-44,"5","Gltp"
"Prdx11",1.46581683875412e-48,1.5580636714005,0.808,0.441,2.79516612982023e-44,"5","Prdx1"
"Snrpb1",1.51392932561533e-47,1.80760318996444,0.579,0.195,2.88691183101588e-43,"5","Snrpb"
"Lsm6",4.07600766378132e-47,1.97612621349524,0.505,0.151,7.7725390140646e-43,"5","Lsm6"
"Taf9",7.39703772348582e-47,2.53664428732625,0.299,0.06,1.41054112349151e-42,"5","Taf9"
"Arpp191",8.9008044573927e-47,1.88637311996979,0.57,0.191,1.69729440198021e-42,"5","Arpp19"
"Pole4",9.30028101471889e-47,2.25137804220996,0.346,0.076,1.77347058669675e-42,"5","Pole4"
"Vars1",1.32106282073884e-46,2.51265917085531,0.308,0.063,2.51913469286688e-42,"5","Vars1"
"Hprt1",1.59846767718382e-46,2.49321313803384,0.28,0.053,3.04811801362183e-42,"5","Hprt1"
"Cnih4",1.61707957974536e-46,2.56182920047442,0.28,0.053,3.08360905061643e-42,"5","Cnih4"
"Ifitm21",4.16491400083677e-46,2.05094868340554,0.486,0.148,7.94207450819564e-42,"5","Ifitm2"
"Ncaph2",1.76447426237587e-44,2.22002868785226,0.332,0.073,3.36467597092455e-40,"5","Ncaph2"
"U2af1",2.4963278964353e-44,1.94757926070514,0.444,0.124,4.76024766571247e-40,"5","U2af1"
"Mat2a",9.08439638451489e-44,1.83162392233153,0.486,0.145,1.73230354656314e-39,"5","Mat2a"
"Mrfap12",9.24967284562031e-44,1.73976929947777,0.626,0.248,1.76382011493134e-39,"5","Mrfap1"
"Ak6",2.64059927880718e-43,2.44713784511251,0.28,0.056,5.03535876475741e-39,"5","Ak6"
"Rnaseh2b",3.14125108686585e-43,2.471320532185,0.271,0.053,5.99005169754449e-39,"5","Rnaseh2b"
"Smc1a",4.26305330218271e-43,1.9673325064445,0.402,0.105,8.12921634193222e-39,"5","Smc1a"
"BC049987",1.26791951149381e-42,2.56405094251181,0.313,0.07,2.41779571646755e-38,"5","BC049987"
"Gdf15",1.40062503794588e-42,3.03855200487431,0.29,0.062,2.67085188485899e-38,"5","Gdf15"
"Tsn",1.57801324689714e-42,1.97581634940543,0.421,0.116,3.00911346050815e-38,"5","Tsn"
"Cbx1",2.65377772562746e-42,1.99722452520941,0.411,0.112,5.06048874499901e-38,"5","Cbx1"
"Myef2",5.96249703093825e-42,2.67250439731783,0.257,0.049,1.13698855882961e-37,"5","Myef2"
"Pmf1",1.2752384794213e-41,2.47860508279212,0.257,0.049,2.43175225640848e-37,"5","Pmf1"
"Cfap298",1.4025346371272e-41,2.42670505336204,0.28,0.058,2.67449329953786e-37,"5","Cfap298"
"Lsm41",1.74259421371012e-41,1.67979742415457,0.561,0.197,3.32295290612383e-37,"5","Lsm4"
"Anapc5",2.75123612229538e-41,1.9944808147937,0.407,0.111,5.24633216160506e-37,"5","Anapc5"
"Nsmce4a",1.07650710434786e-40,2.10765222882922,0.397,0.109,2.05279139728094e-36,"5","Nsmce4a"
"Folr11",1.09715132018925e-40,1.61542747833323,0.738,0.353,2.09215785246888e-36,"5","Folr1"
"Thoc7",8.03888587749969e-40,1.88464615179215,0.449,0.136,1.53293514798042e-35,"5","Thoc7"
"Ndufa52",2.36760955824797e-39,1.56331346151935,0.659,0.287,4.51479466662305e-35,"5","Ndufa5"
"Sf3b51",2.64821270195655e-39,1.68221818937531,0.537,0.187,5.04987680136094e-35,"5","Sf3b5"
"Cox8a1",9.17295723227651e-39,0.864682744143186,0.991,0.929,1.74919121462281e-34,"5","Cox8a"
"Snrpf",1.43896060768298e-37,1.78627248455431,0.491,0.168,2.74395398279068e-33,"5","Snrpf"
"Nol71",1.94925852027378e-37,1.69921286783275,0.579,0.236,3.71704107231007e-33,"5","Nol7"
"A430005L14Rik",5.2983449532269e-37,2.31265251292549,0.276,0.061,1.01034139913084e-32,"5","A430005L14Rik"
"Rfc1",1.58627376747243e-36,2.08266136377586,0.341,0.089,3.02486544719318e-32,"5","Rfc1"
"Gapdh2",3.24991360218731e-36,1.47439799893608,0.64,0.28,6.19726024801099e-32,"5","Gapdh"
"Ybx12",8.35376979296621e-36,1.80881983887922,0.542,0.212,1.59298036182073e-31,"5","Ybx1"
"Eloc",1.83940855818446e-35,1.74282929760887,0.463,0.155,3.50756817960194e-31,"5","Eloc"
"Nelfe",3.09392790031036e-35,2.32215496560117,0.262,0.058,5.89981111310182e-31,"5","Nelfe"
"Fdps",5.47223380013668e-35,1.9378162821348,0.444,0.151,1.04350026334806e-30,"5","Fdps"
"Ssrp1",3.75979513469563e-34,2.13453548191121,0.285,0.068,7.16955334235109e-30,"5","Ssrp1"
"Vdac3",8.40789263222353e-34,1.8880834544945,0.383,0.116,1.60330104603871e-29,"5","Vdac3"
"Atp6v1g1",8.65043628175526e-34,2.20586278584711,0.299,0.076,1.64955169456791e-29,"5","Atp6v1g1"
"Npm11",8.83222213721246e-34,1.31546424724406,0.71,0.364,1.68421643934504e-29,"5","Npm1"
"Csrp2",1.19011948136756e-33,1.88133966084574,0.341,0.093,2.26943883901979e-29,"5","Csrp2"
"Stub1",1.36704778988073e-33,1.66177328358805,0.472,0.164,2.60682343052356e-29,"5","Stub1"
"Ddx39b",1.84632701450979e-33,1.77679317946686,0.383,0.113,3.52076098396871e-29,"5","Ddx39b"
"Cfl1",4.67652501932347e-33,1.96887307863318,0.336,0.094,8.91766555934792e-29,"5","Cfl1"
"Vps36",5.50009091100427e-33,1.90785078262801,0.383,0.116,1.0488123358194e-28,"5","Vps36"
"Epcam1",1.01112832604308e-32,1.14866597757135,0.874,0.662,1.92812060493154e-28,"5","Epcam"
"Ucp21",1.61422089203186e-32,1.60754286853305,0.467,0.164,3.07815781901556e-28,"5","Ucp2"
"Hspa81",1.82022751111725e-32,1.2453481913609,0.822,0.554,3.47099184094948e-28,"5","Hspa8"
"Aarsd1",2.912531880356e-32,1.90156657578581,0.383,0.12,5.55390704265086e-28,"5","Aarsd1"
"Srsf7",3.62764278927113e-32,1.48945444239935,0.458,0.157,6.91755203486113e-28,"5","Srsf7"
"Ak2",3.6745693385794e-32,1.65014358112506,0.393,0.121,7.00703627173706e-28,"5","Ak2"
"Pfdn6",7.53953659904668e-32,1.60926143087509,0.435,0.146,1.43771423407221e-27,"5","Pfdn6"
"Actb1",8.70248528208786e-32,1.41957463387065,0.813,0.585,1.65947691844133e-27,"5","Actb"
"Agpat5",1.74351162047446e-31,1.78107242579648,0.346,0.099,3.32470230908275e-27,"5","Agpat5"
"Cycs2",2.02773388939301e-31,1.22790890955279,0.729,0.384,3.86668575368353e-27,"5","Cycs"
"Hnrnpab1",3.2262819127932e-31,1.7252281779824,0.495,0.197,6.15219697950536e-27,"5","Hnrnpab"
"Cep20",4.27468030056084e-31,2.16167076707607,0.252,0.059,8.15138786513947e-27,"5","Cep20"
"Mrpl28",5.00911021263494e-31,1.5748598812146,0.449,0.156,9.55187226447356e-27,"5","Mrpl28"
"Pgk1",1.69679093398911e-30,1.78676968654727,0.383,0.124,3.23561063202384e-26,"5","Pgk1"
"Btf32",1.87483701141711e-30,1.23411779751483,0.715,0.386,3.57512669707129e-26,"5","Btf3"
"Rnf7",2.21853567619082e-30,1.61907984950159,0.453,0.164,4.23052568092828e-26,"5","Rnf7"
"Cox7a2",2.25204866908584e-30,0.916715652781939,0.925,0.803,4.29443160707978e-26,"5","Cox7a2"
"Pfn12",2.56292546166757e-30,1.44664723466087,0.607,0.281,4.88724256285389e-26,"5","Pfn1"
"Dynll12",2.6094804245921e-30,1.89891902092988,0.505,0.206,4.97601822165468e-26,"5","Dynll1"
"Crip21",7.26071964233634e-30,1.26327719602899,0.654,0.311,1.38454662859712e-25,"5","Crip2"
"Sptssa",1.17149723089375e-29,2.00993220456797,0.322,0.095,2.23392806959129e-25,"5","Sptssa"
"Ndufab13",1.56536146772222e-29,1.3379254053627,0.556,0.232,2.9849877827995e-25,"5","Ndufab1"
"Nutf2",2.02213776041199e-29,1.69262882311745,0.374,0.119,3.85601449532962e-25,"5","Nutf2"
"Cd91",2.15450175316045e-29,0.879674276128304,0.921,0.776,4.10841939310167e-25,"5","Cd9"
"Tmem109",2.27028910671087e-29,2.10009345953839,0.257,0.064,4.32921429758695e-25,"5","Tmem109"
"Elob1",3.82129579082852e-29,1.30877714451719,0.706,0.393,7.2868289435309e-25,"5","Elob"
"Septin7",4.5813846105481e-29,1.61954640892642,0.411,0.14,8.73624231385417e-25,"5","Septin7"
"Acyp1",7.25275818177594e-29,1.93489909799055,0.313,0.09,1.38302845768285e-24,"5","Acyp1"
"Rbbp4",9.17087147592265e-29,1.71815077993827,0.313,0.089,1.74879348174369e-24,"5","Rbbp4"
"Hnrnpa3",1.03689065402613e-28,1.51656362531122,0.509,0.206,1.97724678816243e-24,"5","Hnrnpa3"
"Cdkn1a",1.06474482231504e-28,2.29423983673999,0.252,0.063,2.03036190167256e-24,"5","Cdkn1a"
"Rheb1",2.22925100267048e-28,1.31894812132081,0.528,0.214,4.25095873699234e-24,"5","Rheb"
"Tpi11",3.49956162984522e-28,1.15983748236532,0.734,0.394,6.67331407195185e-24,"5","Tpi1"
"Dleu2",3.53583630987928e-28,1.96254452565612,0.28,0.076,6.74248625930879e-24,"5","Dleu2"
"Psmb31",3.58851761324813e-28,1.52912306784053,0.495,0.199,6.84294423670286e-24,"5","Psmb3"
"Atp5po",4.16452261178127e-28,1.23181358237207,0.752,0.448,7.94132816840571e-24,"5","Atp5po"
"Snrpd21",5.35913371141351e-28,1.52439503560166,0.491,0.2,1.02193320742944e-23,"5","Snrpd2"
"Oaz12",6.20975380893915e-28,1.38851322702224,0.565,0.259,1.18413795382661e-23,"5","Oaz1"
"Vdac11",1.27901026132494e-27,1.68451336645261,0.435,0.163,2.43894466732054e-23,"5","Vdac1"
"Atp5pb1",1.37521673590305e-27,1.06894371409466,0.78,0.491,2.62240079369353e-23,"5","Atp5pb"
"Dynll2",2.00032674750982e-27,1.45348387517104,0.477,0.186,3.81442307482648e-23,"5","Dynll2"
"Eif12",2.10606997270437e-27,0.748560977687784,0.953,0.863,4.01606483094997e-23,"5","Eif1"
"Hp1bp3",2.38007242606392e-27,1.69781504442632,0.341,0.106,4.53856010926129e-23,"5","Hp1bp3"
"Lyar",2.53363570168924e-27,1.70113540271793,0.346,0.109,4.83138991955121e-23,"5","Lyar"
"Cetn3",2.94016809518871e-27,1.81164696008364,0.318,0.096,5.60660654071535e-23,"5","Cetn3"
"Tspo2",4.57499363371005e-27,1.349263231965,0.607,0.296,8.72405536012169e-23,"5","Tspo"
"Hnrnpf1",5.26825241470392e-27,1.35403383874598,0.542,0.237,1.00460305295989e-22,"5","Hnrnpf"
"Cwc15",8.14669117448512e-27,1.91333472497203,0.341,0.112,1.55349254006257e-22,"5","Cwc15"
"Ndufa4",1.03530676481846e-26,0.711795337816338,0.93,0.841,1.97422646983232e-22,"5","Ndufa4"
"Raly",1.34137453259502e-26,1.49670229458066,0.364,0.119,2.55786709620544e-22,"5","Raly"
"S100a11",1.80481460662489e-26,1.68246757486268,0.379,0.132,3.441600973373e-22,"5","S100a11"
"Ssb1",3.14440947435682e-26,1.40994120577743,0.5,0.212,5.99607442665103e-22,"5","Ssb"
"Cox5a1",3.15567467487608e-26,0.884769725007134,0.855,0.687,6.01755603752119e-22,"5","Cox5a"
"Mrpl51",4.38129963584259e-26,1.46724619584074,0.463,0.183,8.35470027558823e-22,"5","Mrpl51"
"Cbx3",4.88113059399042e-26,1.67910835617403,0.369,0.126,9.30782792968033e-22,"5","Cbx3"
"Rps201",4.92154321730296e-26,0.59564685086539,1,0.99,9.38489076107502e-22,"5","Rps20"
"Rpl151",5.40295210769089e-26,0.666297558232718,0.972,0.936,1.03028893741558e-21,"5","Rpl15"
"Phlda3",5.50957554138972e-26,1.85570101023081,0.341,0.112,1.05062095998761e-21,"5","Phlda3"
"Tssc4",9.90002582386804e-26,1.87512435971378,0.266,0.074,1.8878359243534e-21,"5","Tssc4"
"Hmgn5",1.17106145801634e-25,1.67448986681454,0.322,0.101,2.23309709429136e-21,"5","Hmgn5"
"Tceal9",1.72312470097838e-25,0.928087863056949,0.822,0.635,3.28582649229568e-21,"5","Tceal9"
"Gm387331",1.8745695954036e-25,1.49994400374174,0.486,0.205,3.57461676147513e-21,"5","Gm38733"
"Nop56",2.06735150103819e-25,1.82399215050347,0.257,0.069,3.94223257732972e-21,"5","Nop56"
"Arf6",2.33014396112382e-25,1.68772646041239,0.369,0.129,4.44335151946701e-21,"5","Arf6"
"Cyb5r3",2.7239102837765e-25,1.94484654537785,0.262,0.073,5.19422452013342e-21,"5","Cyb5r3"
"Fth12",4.66519126273016e-25,0.552375388322778,0.986,0.97,8.89605321890014e-21,"5","Fth1"
"Nfic",6.10956579073463e-25,1.615318830874,0.355,0.121,1.16503310063519e-20,"5","Nfic"
"Cnot6l",6.31300857432771e-25,1.93956100542722,0.276,0.08,1.20382760503855e-20,"5","Cnot6l"
"Eny21",7.57700622504233e-25,1.15362559595362,0.645,0.324,1.44485931705332e-20,"5","Eny2"
"Serpinb6a",8.49876222563081e-25,1.82182105146184,0.299,0.092,1.62062896880554e-20,"5","Serpinb6a"
"Rbx12",9.7357065566454e-25,1.12187194872346,0.664,0.358,1.85650188328671e-20,"5","Rbx1"
"Smc3",1.07832500870494e-24,1.56905103529883,0.369,0.13,2.05625795909946e-20,"5","Smc3"
"Cenpv",1.40483053887128e-24,1.6568021167824,0.332,0.109,2.67887135457364e-20,"5","Cenpv"
"Lage3",2.9035194408115e-24,1.49029699927861,0.411,0.155,5.53672122168345e-20,"5","Lage3"
"Wfdc182",4.88019166290826e-24,0.930716332236201,0.598,0.288,9.30603748199976e-20,"5","Wfdc18"
"Brd8",5.63962282858e-24,1.6079707344717,0.299,0.092,1.07541967718192e-19,"5","Brd8"
"Polr3k",1.02928799601458e-23,1.8253187667265,0.266,0.078,1.9627492796002e-19,"5","Polr3k"
"Pcmt1",1.27813521726771e-23,1.61770374784233,0.304,0.096,2.43727604580779e-19,"5","Pcmt1"
"Uchl3",2.00931139183892e-23,1.57865552977817,0.341,0.116,3.83155589309764e-19,"5","Uchl3"
"Fabp52",2.16065450574383e-23,0.892346852231866,0.893,0.758,4.12015207700291e-19,"5","Fabp5"
"Sumo3",2.28776890037421e-23,1.62792701159737,0.313,0.102,4.36254651612358e-19,"5","Sumo3"
"Commd32",2.30847886352925e-23,1.38429259699036,0.509,0.235,4.40203834486394e-19,"5","Commd3"
"Srsf21",2.39609314664018e-23,1.11934910653117,0.481,0.2,4.56911002132817e-19,"5","Srsf2"
"Rer12",2.80597226068447e-23,1.14023468010268,0.598,0.289,5.35070850389922e-19,"5","Rer1"
"Bax1",2.88766570321647e-23,1.56660430781082,0.407,0.16,5.50648972946348e-19,"5","Bax"
"Hsp90ab11",4.1934282305777e-23,0.92919124889036,0.897,0.758,7.99644829288861e-19,"5","Hsp90ab1"
"Rap1a",4.23839814741045e-23,1.44104828093448,0.425,0.171,8.082201427297e-19,"5","Rap1a"
"Coa32",4.89092329891466e-23,1.26776400552613,0.477,0.201,9.32650163870037e-19,"5","Coa3"
"Cdc421",6.45786733201757e-23,1.5406303128857,0.416,0.169,1.23145072154243e-18,"5","Cdc42"
"Tcp1",7.56864316097791e-23,1.42264374336227,0.364,0.131,1.44326456436688e-18,"5","Tcp1"
"Pycard2",9.69749625104197e-23,1.31325758841526,0.509,0.234,1.84921556011119e-18,"5","Pycard"
"Hnrnpul2",1.1319352688502e-22,1.62095466181182,0.271,0.081,2.15848736417044e-18,"5","Hnrnpul2"
"Gng52",1.3660099684711e-22,0.914842047712825,0.776,0.528,2.60484440887753e-18,"5","Gng5"
"Vdac21",1.83355638734601e-22,1.19607086007632,0.575,0.288,3.4964086750301e-18,"5","Vdac2"
"Fau1",4.3597543318607e-22,0.567072307798695,0.995,0.985,8.31361553542517e-18,"5","Fau"
"Med28",8.20655528839799e-22,1.72906063834928,0.276,0.087,1.56490802794461e-17,"5","Med28"
"Uchl5",8.98902849272135e-22,1.4230409793909,0.393,0.155,1.71411784327703e-17,"5","Uchl5"
"Pgam1",1.11331048961984e-21,1.48239702216003,0.369,0.139,2.12297177265608e-17,"5","Pgam1"
"Set",1.11905929352075e-21,1.3991868749758,0.397,0.157,2.13393416681472e-17,"5","Set"
"Psma22",1.12571848822898e-21,1.17366646539919,0.561,0.279,2.14663258520384e-17,"5","Psma2"
"Pkm1",1.14852195214073e-21,1.34128593955705,0.397,0.154,2.19011651053716e-17,"5","Pkm"
"Pcbp21",1.18787965534558e-21,1.22141223630726,0.495,0.225,2.26516771477848e-17,"5","Pcbp2"
"Ptp4a21",1.71528406260488e-21,1.3025799415897,0.458,0.197,3.27087517898124e-17,"5","Ptp4a2"
"Antkmt",1.79802527066632e-21,1.27046215761897,0.425,0.173,3.42865438863361e-17,"5","Antkmt"
"Snx3",2.06365760310091e-21,1.40252838206519,0.379,0.145,3.93518868335313e-17,"5","Snx3"
"Mrpl331",4.25116772118538e-21,1.36842317149857,0.449,0.196,8.10655172752841e-17,"5","Mrpl33"
"Ptges3",4.57715572272053e-21,1.80452228630524,0.257,0.079,8.72817824765578e-17,"5","Ptges3"
"Suz12",4.69201283878504e-21,1.62503810044962,0.294,0.098,8.94719928227919e-17,"5","Suz12"
"Rdx",4.91101363021789e-21,1.19442434766115,0.547,0.271,9.3648118914625e-17,"5","Rdx"
"G3bp1",5.01358686618314e-21,1.51150375150241,0.28,0.089,9.56040879512462e-17,"5","G3bp1"
"Tbca2",5.4550105408674e-21,1.2774098898685,0.523,0.258,1.040215960038e-16,"5","Tbca"
"Crybg1",7.05548889215809e-21,1.66471439326066,0.252,0.076,1.34541117684563e-16,"5","Crybg1"
"Mrpl571",1.17234293282377e-20,1.14695195256932,0.519,0.245,2.23554073860164e-16,"5","Mrpl57"
"Smchd1",1.2884888271744e-20,1.67965659327111,0.276,0.09,2.45701934453886e-16,"5","Smchd1"
"Cnih1",1.50824283647637e-20,1.67183623728804,0.252,0.077,2.87606826487679e-16,"5","Cnih1"
"Cdk2ap2",1.67216969853142e-20,1.47903308696077,0.336,0.124,3.18866039812956e-16,"5","Cdk2ap2"
"Rac1",2.22822045425138e-20,1.43102059257821,0.374,0.147,4.24899358421195e-16,"5","Rac1"
"Lcorl",2.29310511604476e-20,1.29097939948506,0.453,0.199,4.37272214578576e-16,"5","Lcorl"
"Dhrs41",2.57661140816129e-20,1.16004560125998,0.523,0.255,4.91334029422277e-16,"5","Dhrs4"
"Tmem14c2",2.74104659816635e-20,1.26976876938913,0.509,0.249,5.22690175804342e-16,"5","Tmem14c"
"Acp1",3.3995309610183e-20,1.58660418128242,0.336,0.126,6.4825655895658e-16,"5","Acp1"
"Usp14",3.61147832634273e-20,1.64438459566382,0.257,0.08,6.88672802050295e-16,"5","Usp14"
"Psmb12",3.73328368561464e-20,1.14738822992615,0.542,0.27,7.11899866009856e-16,"5","Psmb1"
"Nedd82",4.25102242535485e-20,1.01718840134307,0.603,0.313,8.10627466290917e-16,"5","Nedd8"
"Rps15a2",4.60748322869067e-20,0.615198694794034,0.921,0.853,8.78600976879024e-16,"5","Rps15a"
"Psmb21",9.37381354191861e-20,1.3745308206211,0.435,0.193,1.78749250430846e-15,"5","Psmb2"
"Csrp11",9.75451989030149e-20,1.27607299175303,0.407,0.17,1.86008939788159e-15,"5","Csrp1"
"Sub12",1.00471929241764e-19,1.29863913892047,0.463,0.213,1.9158992187112e-15,"5","Sub1"
"Pnrc2",1.12694184033766e-19,1.5724958163386,0.308,0.11,2.14896539533989e-15,"5","Pnrc2"
"Atp5pd",1.17640750106482e-19,0.737793352886174,0.827,0.672,2.24329146378051e-15,"5","Atp5pd"
"Rps111",1.28256871179889e-19,0.56655619953461,0.986,0.936,2.4457302765293e-15,"5","Rps11"
"Ndufc22",1.35332287548331e-19,0.997372255038664,0.598,0.309,2.58065139125913e-15,"5","Ndufc2"
"Mrpl42",1.46174030738578e-19,1.31774162579635,0.411,0.173,2.78739259215395e-15,"5","Mrpl42"
"Rps191",1.63762351255955e-19,0.526142356175053,0.981,0.967,3.1227842760998e-15,"5","Rps19"
"Pbdc1",1.89086312393747e-19,1.61676860763818,0.271,0.09,3.60568689103637e-15,"5","Pbdc1"
"Rps51",1.94145843701726e-19,0.559890004366178,0.981,0.965,3.70216709354821e-15,"5","Rps5"
"D8Ertd738e",2.72364562915267e-19,0.979896681630846,0.659,0.379,5.19371985023123e-15,"5","D8Ertd738e"
"Gna11",3.7815604758074e-19,1.60986734515062,0.28,0.097,7.21105767131714e-15,"5","Gna11"
"Ywhae1",3.82599139559992e-19,1.12799833739357,0.533,0.269,7.29578299226948e-15,"5","Ywhae"
"Ldha1",5.39417955653141e-19,1.36251270321731,0.402,0.174,1.02861609963498e-14,"5","Ldha"
"Arf51",6.30308069432563e-19,0.77971129474004,0.841,0.629,1.20193445760095e-14,"5","Arf5"
"Rps31",6.73913483725312e-19,0.495435317150203,0.991,0.967,1.2850856221158e-14,"5","Rps3"
"Psma72",9.56689564199909e-19,1.10013576793121,0.659,0.401,1.82431132997281e-14,"5","Psma7"
"Mphosph8",9.82483045466255e-19,1.45766993625765,0.346,0.136,1.8734969193996e-14,"5","Mphosph8"
"Psma1",1.09642746144663e-18,1.5569902661197,0.318,0.121,2.09077752623257e-14,"5","Psma1"
"Naa50",1.18660420966088e-18,1.20808106148881,0.379,0.153,2.26273556740233e-14,"5","Naa50"
"Pfdn1",1.33317852060624e-18,1.32357704067037,0.393,0.167,2.54223812094404e-14,"5","Pfdn1"
"Fat1",1.5186987575661e-18,1.74473228823049,0.257,0.086,2.89600666080279e-14,"5","Fat1"
"Mrpl202",1.7103958260442e-18,1.06837287300557,0.514,0.249,3.26155380068368e-14,"5","Mrpl20"
"Trir",1.86738391236987e-18,1.2947390823686,0.397,0.171,3.56091438249811e-14,"5","Trir"
"Anapc131",2.32043539393734e-18,1.27064585384404,0.486,0.245,4.42483825269911e-14,"5","Anapc13"
"Prelid11",2.4421950599225e-18,1.1091694393746,0.444,0.195,4.65702175976621e-14,"5","Prelid1"
"Rps241",2.48280668535563e-18,0.392839572925911,1,0.995,4.73446406830465e-14,"5","Rps24"
"Brk1",2.97342605906427e-18,1.46171110147952,0.364,0.151,5.67002615202966e-14,"5","Brk1"
"Mrps17",3.56476809703131e-18,1.43458045890012,0.294,0.106,6.797656284229e-14,"5","Mrps17"
"Hnrnpk1",3.65109265840609e-18,1.13768891495008,0.472,0.222,6.96226859031458e-14,"5","Hnrnpk"
"Etfb",4.50642191486276e-18,0.929615308666221,0.64,0.364,8.5932959494518e-14,"5","Etfb"
"Uqcrfs12",4.77984034039027e-18,1.12325252693756,0.551,0.29,9.1146775450902e-14,"5","Uqcrfs1"
"Cox5b1",5.50591483669416e-18,0.820345082828315,0.743,0.539,1.04992290020921e-13,"5","Cox5b"
"Mrps143",5.56906811951567e-18,1.08356270103369,0.561,0.299,1.06196559971044e-13,"5","Mrps14"
"Etfa",6.90132965994682e-18,1.17803901989316,0.402,0.174,1.31601455285526e-13,"5","Etfa"
"Hsp90b1",7.60579159950904e-18,1.11353506784919,0.72,0.503,1.45034840011038e-13,"5","Hsp90b1"
"Ywhaq",7.65407579292617e-18,1.42225930098085,0.313,0.118,1.45955571295309e-13,"5","Ywhaq"
"Tbcb",9.56446846866802e-18,1.68956583028254,0.252,0.086,1.8238484922903e-13,"5","Tbcb"
"Ctcf",1.30972825885252e-17,1.55436956596056,0.252,0.084,2.49752081680587e-13,"5","Ctcf"
"Uqcr10",1.34703033365655e-17,0.90352611214913,0.738,0.537,2.56865214324968e-13,"5","Uqcr10"
"Rab5if2",1.358558537776e-17,1.13328807481366,0.533,0.282,2.59063527568506e-13,"5","Rab5if"
"Atp5mc3",1.38028653896069e-17,0.72726219238619,0.836,0.621,2.63206840114413e-13,"5","Atp5mc3"
"Ndufb12",1.4873623240646e-17,1.07381245943505,0.575,0.318,2.83625121575879e-13,"5","Ndufb1"
"Selenow2",1.49028292268113e-17,1.18140018897458,0.458,0.222,2.84182050526064e-13,"5","Selenow"
"Tmem256",2.42990105543899e-17,1.22061307521381,0.416,0.191,4.63357832261661e-13,"5","Tmem256"
"Ncl1",2.45762012742675e-17,1.15631859887276,0.467,0.23,4.68643582099007e-13,"5","Ncl"
"Cryab",2.48905981985042e-17,1.46242429070814,0.271,0.095,4.74638817047277e-13,"5","Cryab"
"Timm17b2",2.96515560663412e-17,1.31731440673037,0.43,0.205,5.6542552262906e-13,"5","Timm17b"
"Manf1",3.11665116016319e-17,0.910135059598066,0.72,0.489,5.94314209731518e-13,"5","Manf"
"Gnb21",3.54811174758846e-17,0.960143781253444,0.724,0.477,6.76589429147644e-13,"5","Gnb2"
"Ifi271",3.59670659340377e-17,0.744997531395051,0.939,0.864,6.85855980296165e-13,"5","Ifi27"
"Mrps15",4.07529476260511e-17,1.53029060842273,0.29,0.109,7.77117958281169e-13,"5","Mrps15"
"Rpl181",4.35172700682039e-17,0.518316004954167,0.991,0.969,8.2983082293058e-13,"5","Rpl18"
"Eif3k2",4.9492105580527e-17,1.06733447015363,0.547,0.294,9.43764961315069e-13,"5","Eif3k"
"Mdh21",5.08730161033763e-17,1.23704054834921,0.463,0.227,9.70097544075283e-13,"5","Mdh2"
"Cox4i11",6.04266407529492e-17,0.604680074328007,0.93,0.863,1.15227561251799e-12,"5","Cox4i1"
"Rpl191",6.42468925165431e-17,0.433143418720825,1,0.989,1.22512399339796e-12,"5","Rpl19"
"Zcrb1",6.89452789328425e-17,1.2460238963852,0.397,0.178,1.31471752397037e-12,"5","Zcrb1"
"Wnk1",7.61396289861982e-17,1.42125811177937,0.304,0.118,1.45190658513781e-12,"5","Wnk1"
"Sat11",8.6162383125656e-17,0.976111071899357,0.477,0.236,1.64303048382314e-12,"5","Sat1"
"Lamtor1",1.10642248940679e-16,1.25237177737646,0.341,0.139,2.1098370450498e-12,"5","Lamtor1"
"Rhoa1",1.18381413618895e-16,1.20412613563572,0.407,0.186,2.25741517629871e-12,"5","Rhoa"
"Rps4x1",1.39484395764152e-16,0.444584311505075,0.991,0.989,2.65982794282662e-12,"5","Rps4x"
"Bpifa2",1.71907517611196e-16,4.9366127675788,0.29,0.111,3.27810445332789e-12,"5","Bpifa2"
"Arl6ip4",1.80389391645612e-16,1.32387761346308,0.332,0.136,3.43984530929018e-12,"5","Arl6ip4"
"Rps27l2",1.8318563075885e-16,0.607986259831622,0.958,0.953,3.49316679294052e-12,"5","Rps27l"
"Dnajc192",2.40229658814516e-16,1.12785470704441,0.486,0.251,4.580939363934e-12,"5","Dnajc19"
"Rps3a12",2.81279453687702e-16,0.397641148900081,0.986,0.984,5.36371790237079e-12,"5","Rps3a1"
"Cmpk12",3.61663018515517e-16,1.05870605177979,0.449,0.217,6.8965521000724e-12,"5","Cmpk1"
"Serbp11",4.06083700559153e-16,1.12475267788991,0.514,0.274,7.74361008596248e-12,"5","Serbp1"
"Ctnnb1",4.07139951337391e-16,1.13607590545404,0.35,0.146,7.76375173205271e-12,"5","Ctnnb1"
"Rbm8a",4.73894568292238e-16,1.39613061086704,0.313,0.127,9.03669552276468e-12,"5","Rbm8a"
"Pbx3",4.87172806127252e-16,1.30043019444646,0.266,0.096,9.28989824004056e-12,"5","Pbx3"
"Tle51",5.18566104885887e-16,0.853644941165437,0.706,0.479,9.88853705406898e-12,"5","Tle5"
"Sarnp",5.39874963741603e-16,1.36305380061602,0.322,0.133,1.02948756835886e-11,"5","Sarnp"
"Tmco1",5.81937337035936e-16,1.16564717757893,0.393,0.179,1.10969630799383e-11,"5","Tmco1"
"Zmat2",6.50279054303419e-16,1.58952689686645,0.252,0.091,1.24001712865119e-11,"5","Zmat2"
"Timm17a",7.00198068039809e-16,1.55954955027687,0.252,0.091,1.33520769594511e-11,"5","Timm17a"
"Rps22",9.75744644175461e-16,0.521002560810459,0.991,0.965,1.86064746197819e-11,"5","Rps2"
"Nop103",1.08937474534153e-15,0.930949647929237,0.551,0.298,2.07732870189176e-11,"5","Nop10"
"Hras1",1.15679668117877e-15,1.19434981994844,0.374,0.166,2.2058955913398e-11,"5","Hras"
"Psmc4",1.22772056986892e-15,1.31846411727672,0.304,0.121,2.34114035468304e-11,"5","Psmc4"
"Scgb1b271",1.40123371375888e-15,0.293635129095572,1,1,2.67201256876681e-11,"5","Scgb1b27"
"Bcas22",1.53729480467745e-15,0.939795157740494,0.542,0.297,2.93146746303943e-11,"5","Bcas2"
"Chchd21",1.54063231457014e-15,0.618346306818497,0.925,0.872,2.93783176065379e-11,"5","Chchd2"
"Tma7",1.70796080175098e-15,1.38833359362641,0.322,0.135,3.25691045285894e-11,"5","Tma7"
"Commd1",1.86833157459027e-15,1.38446008930388,0.29,0.114,3.56272147958618e-11,"5","Commd1"
"Rps161",2.10062192021511e-15,0.490441107339586,0.991,0.97,4.00567593965819e-11,"5","Rps16"
"H1f0",2.22021570157436e-15,1.26709472243055,0.327,0.137,4.23372932133214e-11,"5","H1f0"
"Psmb7",2.25228204248505e-15,1.2731515343478,0.318,0.13,4.29487662681475e-11,"5","Psmb7"
"Rpl33",2.38629579574618e-15,0.526582857701705,0.93,0.859,4.5504274529084e-11,"5","Rpl3"
"Ndufb63",2.42664175101436e-15,0.950784681151239,0.542,0.291,4.62736315500929e-11,"5","Ndufb6"
"Cdk2ap1",3.33056603865754e-15,1.22185859441726,0.336,0.144,6.35105637911606e-11,"5","Cdk2ap1"
"Psmc3",3.51443383041684e-15,1.19326140417378,0.374,0.168,6.70167387122187e-11,"5","Psmc3"
"Vma21",3.71901976824864e-15,1.46644014588538,0.266,0.101,7.09179879607333e-11,"5","Vma21"
"Pdcd5",3.72770329866472e-15,1.47962998945725,0.266,0.101,7.10835742022376e-11,"5","Pdcd5"
"Oxct11",4.44530114559217e-15,0.921894566083849,0.542,0.298,8.47674475452972e-11,"5","Oxct1"
"Iqgap11",4.50501367397471e-15,1.23488991942139,0.313,0.128,8.59061057490236e-11,"5","Iqgap1"
"Arpc5l",6.5765000432044e-15,1.07090689097399,0.364,0.16,1.25407279323865e-10,"5","Arpc5l"
"Ndufb103",7.20782234407508e-15,0.995104066896223,0.528,0.292,1.37445964279168e-10,"5","Ndufb10"
"Mrpl141",7.24793939672532e-15,1.0279389045191,0.43,0.209,1.38210956356155e-10,"5","Mrpl14"
"Smdt1",7.91572200302536e-15,0.711448108935449,0.813,0.651,1.50944902875691e-10,"5","Smdt1"
"Pbrm11",8.15584309843841e-15,1.18101726499616,0.393,0.186,1.55523772044122e-10,"5","Pbrm1"
"Psmb62",8.6362155293459e-15,1.01634113915988,0.523,0.289,1.64683993929097e-10,"5","Psmb6"
"Aimp1",8.78198109658102e-15,1.19009850383739,0.346,0.15,1.67463597530704e-10,"5","Aimp1"
"Calm11",9.09807999057479e-15,0.63053070657125,0.902,0.803,1.73491287340271e-10,"5","Calm1"
"Rpsa1",1.01793233610817e-14,0.428980466091693,0.995,0.972,1.94109517172468e-10,"5","Rpsa"
"Mbd3",1.02344693996921e-14,1.412565904777,0.276,0.109,1.95161096982729e-10,"5","Mbd3"
"Atp6v1f2",1.10129171969122e-14,1.01469420452807,0.5,0.277,2.1000531802792e-10,"5","Atp6v1f"
"Capza2",1.75399575398532e-14,1.47855522092195,0.266,0.105,3.34469450327461e-10,"5","Capza2"
"Phf5a",1.81678559505418e-14,1.25946154968713,0.313,0.132,3.46442845120881e-10,"5","Phf5a"
"Eif3m2",2.11020753701918e-14,1.01627185044191,0.477,0.251,4.02395475234188e-10,"5","Eif3m"
"Rpl91",2.15989618924575e-14,0.380505302638089,0.995,0.988,4.11870604327273e-10,"5","Rpl9"
"Ube2l3",2.3074384962575e-14,1.43793371819639,0.257,0.099,4.40005446851342e-10,"5","Ube2l3"
"Txnl11",2.31701570338553e-14,1.32270964125386,0.379,0.183,4.41831724478587e-10,"5","Txnl1"
"Dynlrb12",2.33218764904309e-14,1.04088477469254,0.453,0.233,4.44724862796026e-10,"5","Dynlrb1"
"Atp5me1",2.40712658092061e-14,0.858365978071349,0.593,0.354,4.59014967715751e-10,"5","Atp5me"
"Sft2d2",2.48482744609199e-14,1.09572717174976,0.322,0.135,4.73831745695281e-10,"5","Sft2d2"
"Polr2a",2.684874020753e-14,1.21748411950105,0.266,0.103,5.1197862701739e-10,"5","Polr2a"
"Rala",2.76578492766887e-14,1.24807478938532,0.313,0.133,5.27407527857178e-10,"5","Rala"
"Rpl24",2.82873727673432e-14,0.478748110790595,0.986,0.971,5.39411911300467e-10,"5","Rpl24"
"Arpc1b1",3.08715528167701e-14,1.22853278528786,0.327,0.143,5.88689640662989e-10,"5","Arpc1b"
"Pebp12",3.21266104394496e-14,0.807928741056988,0.57,0.326,6.12622334469864e-10,"5","Pebp1"
"Snu13",3.4718483827741e-14,1.25154609251253,0.318,0.138,6.62046768111193e-10,"5","Snu13"
"Mif2",3.95870738817025e-14,0.984997381568158,0.551,0.331,7.54885911850184e-10,"5","Mif"
"Uba52",5.40154015858702e-14,0.346747473748739,1,0.997,1.03001969284096e-09,"5","Uba52"
"Krt81",5.45180834787455e-14,1.00606798673568,0.631,0.423,1.0396053338562e-09,"5","Krt8"
"Ccdc124",6.37032622571578e-14,1.32988308023343,0.276,0.111,1.21475750798174e-09,"5","Ccdc124"
"Psma6",6.42019386850393e-14,1.22333584267717,0.318,0.138,1.22426676878501e-09,"5","Psma6"
"Sap18",6.52249613636745e-14,1.42524845856528,0.252,0.098,1.24377478824391e-09,"5","Sap18"
"Cisd11",7.24376983504944e-14,1.09405675840479,0.393,0.19,1.38131446984558e-09,"5","Cisd1"
"Swi52",7.44280449449125e-14,1.03425776040068,0.542,0.324,1.41926838905454e-09,"5","Swi5"
"Glrx31",8.4322882985283e-14,1.09887279918537,0.379,0.18,1.60795305564636e-09,"5","Glrx3"
"Higd1a",9.12721896421224e-14,1.17894659953946,0.355,0.165,1.74046938428563e-09,"5","Higd1a"
"Fkbp3",9.30729672968135e-14,1.37069407604928,0.29,0.121,1.77480841338294e-09,"5","Fkbp3"
"Mrpl301",9.48729689373874e-14,1.09232199911626,0.407,0.199,1.80913264466704e-09,"5","Mrpl30"
"Cox6c1",1.05770414657036e-13,0.655976739069787,0.818,0.686,2.01693603709502e-09,"5","Cox6c"
"Rps91",1.16814830017579e-13,0.521981200494625,0.963,0.938,2.22754199360521e-09,"5","Rps9"
"Eef1d1",1.28765060916773e-13,0.800340882438823,0.678,0.431,2.45542094662194e-09,"5","Eef1d"
"Rock2",1.35343650491414e-13,1.10631572743707,0.304,0.126,2.58086807122077e-09,"5","Rock2"
"Rps132",1.41148635333977e-13,0.525967242142593,0.953,0.895,2.69156332718362e-09,"5","Rps13"
"Naca",1.58718853164063e-13,0.464131962156437,0.939,0.914,3.02660981098552e-09,"5","Naca"
"Psma41",1.59661663024971e-13,1.17667764095633,0.355,0.168,3.04458825222316e-09,"5","Psma4"
"Pa2g4",1.72905453021413e-13,1.18811769639022,0.322,0.141,3.29713408366533e-09,"5","Pa2g4"
"Cct71",1.90606774411827e-13,1.13770069440835,0.416,0.212,3.63468058125913e-09,"5","Cct7"
"Pycr21",2.66368298884587e-13,1.04693899253753,0.407,0.199,5.07937709143019e-09,"5","Pycr2"
"Selenok2",2.75630071959145e-13,0.76396868201104,0.64,0.415,5.25598984218894e-09,"5","Selenok"
"Ap2s1",2.91504727539997e-13,1.31011274784379,0.313,0.14,5.55870364946021e-09,"5","Ap2s1"
"2510022D24Rik",3.01035188147573e-13,1.33432661341156,0.299,0.131,5.74044000278607e-09,"5","2510022D24Rik"
"Rtn31",3.02282827545704e-13,0.851854120186526,0.421,0.207,5.76423123846904e-09,"5","Rtn3"
"Uqcrb",3.23095720455336e-13,0.611518523444015,0.827,0.697,6.16111229336281e-09,"5","Uqcrb"
"Sdc41",3.53762124466974e-13,1.10831739119221,0.481,0.28,6.74588995146072e-09,"5","Sdc4"
"Rpl321",4.17908996709494e-13,0.375858994456177,1,0.996,7.96910665825334e-09,"5","Rpl32"
"Mrps33",4.4072614988008e-13,1.19882917049342,0.327,0.15,8.40420695206324e-09,"5","Mrps33"
"Syncrip",4.97351056308164e-13,1.1591763420931,0.299,0.128,9.48398729274038e-09,"5","Syncrip"
"Yif1b",5.22665690605085e-13,1.16102713778104,0.346,0.164,9.96671205414836e-09,"5","Yif1b"
"Taf102",5.67508167592686e-13,1.02202377499292,0.411,0.206,1.08218132478249e-08,"5","Taf10"
"Rtraf1",6.09609176813907e-13,1.06098534423164,0.388,0.192,1.16246373926644e-08,"5","Rtraf"
"Stxbp61",7.28015406710357e-13,0.908504217725847,0.425,0.218,1.38825257905598e-08,"5","Stxbp6"
"Ssx2ip",7.64501394992333e-13,1.21439476520201,0.285,0.121,1.45782771011088e-08,"5","Ssx2ip"
"Anxa5",7.80263116326811e-13,1.18656222988818,0.313,0.14,1.4878837365236e-08,"5","Anxa5"
"Tomm202",8.8606191544387e-13,0.955084551578109,0.453,0.242,1.68963146655991e-08,"5","Tomm20"
"Naxe",9.68784405666384e-13,1.2299999500633,0.29,0.124,1.84737498316523e-08,"5","Naxe"
"Hnrnpa2b11",1.02788643628447e-12,0.793295353280552,0.617,0.391,1.96007664535085e-08,"5","Hnrnpa2b1"
"Mtch11",1.41041856697171e-12,1.19967382581485,0.355,0.175,2.68952716535835e-08,"5","Mtch1"
"Ccdc28b",1.58258932613651e-12,1.07818965972813,0.383,0.193,3.01783958600971e-08,"5","Ccdc28b"
"Psmb41",1.83342522130844e-12,1.23559874438204,0.35,0.173,3.49615855451306e-08,"5","Psmb4"
"Rps27a2",1.91357138808731e-12,0.36559298549156,0.991,0.986,3.64898927994368e-08,"5","Rps27a"
"Cyc12",1.98602630566392e-12,0.806905377140751,0.514,0.289,3.78715356227053e-08,"5","Cyc1"
"Mllt3",2.25280979378786e-12,0.984118307570789,0.327,0.149,4.29588299577407e-08,"5","Mllt3"
"Tmem1672",2.43905924101538e-12,0.908639976146754,0.467,0.256,4.65104206669223e-08,"5","Tmem167"
"Bst2",2.52915132941452e-12,1.37725759987983,0.271,0.117,4.82283867006054e-08,"5","Bst2"
"Spcs12",2.60278347925552e-12,0.862753836420794,0.537,0.329,4.96324781659235e-08,"5","Spcs1"
"Fam210b",2.94190361067182e-12,1.3183286974577,0.257,0.107,5.60991599519009e-08,"5","Fam210b"
"Uqcc22",3.31806187257826e-12,0.994668751358919,0.439,0.239,6.32721218481948e-08,"5","Uqcc2"
"Ifi27l2a1",3.7697349086268e-12,0.648237642011178,0.953,0.892,7.18850749726044e-08,"5","Ifi27l2a"
"Dctn32",3.81544742402838e-12,1.01940013074109,0.397,0.204,7.27567669287972e-08,"5","Dctn3"
"Eif3l",3.98180565137925e-12,1.15118968265324,0.294,0.13,7.59290519661509e-08,"5","Eif3l"
"Pkp4",4.20722820130495e-12,1.07047538007341,0.285,0.123,8.0227634570684e-08,"5","Pkp4"
"Rps72",4.51618598505624e-12,0.401339885940136,0.995,0.984,8.61191505490375e-08,"5","Rps7"
"Ywhaz1",4.6534771184774e-12,1.03718878738684,0.355,0.173,8.87371551722455e-08,"5","Ywhaz"
"4930523C07Rik1",5.49368782790799e-12,1.15258963384308,0.285,0.125,1.04759133190377e-07,"5","4930523C07Rik"
"Mrpl34",5.69546461422115e-12,1.32101512236351,0.304,0.141,1.08606814728583e-07,"5","Mrpl34"
"Gfer",6.09576814956296e-12,1.26646287990542,0.276,0.12,1.16240202844016e-07,"5","Gfer"
"Sfpq",6.58830665799731e-12,1.00772682203061,0.336,0.158,1.25632419661351e-07,"5","Sfpq"
"Hnrnpc",6.65119302019726e-12,1.13653257586029,0.28,0.121,1.26831599702141e-07,"5","Hnrnpc"
"Gpx4",7.20010653016406e-12,0.608090494755319,0.766,0.635,1.37298831423698e-07,"5","Gpx4"
"Eif3h1",7.3505653023267e-12,0.803047815677216,0.519,0.296,1.40167929750068e-07,"5","Eif3h"
"Psmd1",7.50481170850162e-12,1.22705700811624,0.252,0.105,1.43109254469417e-07,"5","Psmd1"
"Ddt",7.50773907592726e-12,1.02212903195935,0.36,0.178,1.43165076438857e-07,"5","Ddt"
"Atp5f1c2",7.75503627079495e-12,0.740375277364945,0.65,0.432,1.47880786647789e-07,"5","Atp5f1c"
"Arpc2",7.7686230312331e-12,1.275724449763,0.276,0.122,1.48139872582584e-07,"5","Arpc2"
"Psmd7",8.80700782700421e-12,1.19543644924801,0.318,0.15,1.67940832253143e-07,"5","Psmd7"
"Crlf1",9.06306576873195e-12,0.646591633260073,0.682,0.478,1.7282360114395e-07,"5","Crlf1"
"Ndufb7",9.29678884216348e-12,0.833735424666864,0.565,0.349,1.77280466431215e-07,"5","Ndufb7"
"Ier3ip12",1.08051003121256e-11,0.907444207291817,0.449,0.248,2.06042457851922e-07,"5","Ier3ip1"
"Smc6",1.11098610899843e-11,0.9362912519035,0.379,0.191,2.1185394112491e-07,"5","Smc6"
"Cox142",1.19207963261272e-11,0.998594161931555,0.383,0.197,2.2731766514292e-07,"5","Cox14"
"Acat1",1.2089726651337e-11,1.13515905201036,0.28,0.123,2.30538997514344e-07,"5","Acat1"
"Rplp21",1.21301362349608e-11,0.539033399216837,0.893,0.848,2.31309567864467e-07,"5","Rplp2"
"Ndufa11",1.2829748044109e-11,0.816356581155133,0.593,0.383,2.44650465453114e-07,"5","Ndufa11"
"Edf11",1.6257160604411e-11,0.597723518189656,0.762,0.59,3.10007795565514e-07,"5","Edf1"
"Ndufb11",1.63615900597968e-11,0.639991963849433,0.794,0.636,3.11999160850265e-07,"5","Ndufb11"
"Klf62",1.82664483108374e-11,1.13479559620786,0.407,0.213,3.48322902839358e-07,"5","Klf6"
"Clta1",2.11159536810258e-11,0.739234532323833,0.523,0.307,4.02660120743481e-07,"5","Clta"
"Sf3b6",2.19828441603324e-11,1.3636746276069,0.271,0.121,4.19190855293379e-07,"5","Sf3b6"
"Pigyl",2.25997308496171e-11,0.978339184416818,0.322,0.151,4.30954267571348e-07,"5","Pigyl"
"Rpl131",2.34712541557576e-11,0.333810896227636,0.995,0.984,4.47573345496142e-07,"5","Rpl13"
"Ube2k",2.46559356322106e-11,0.882982176576931,0.322,0.149,4.70164036570624e-07,"5","Ube2k"
"Btf3l4",2.71931234332859e-11,1.08323497717489,0.299,0.138,5.18545670749329e-07,"5","Btf3l4"
"Kif5b1",2.78489694192494e-11,0.843610489628423,0.411,0.216,5.31051997855667e-07,"5","Kif5b"
"Mrps12",2.96362165657241e-11,1.08005079372579,0.35,0.177,5.65133013691793e-07,"5","Mrps12"
"Hsbp12",3.01332866909175e-11,1.01989020624095,0.383,0.203,5.74611643909107e-07,"5","Hsbp1"
"Cldn31",3.28564032965683e-11,0.837379456965199,0.547,0.332,6.2653875446226e-07,"5","Cldn3"
"Arpc32",3.35327010727708e-11,0.882283695119579,0.458,0.262,6.39435076756666e-07,"5","Arpc3"
"Cox7a2l2",3.42133302644176e-11,0.884378368613427,0.505,0.301,6.52413994812179e-07,"5","Cox7a2l"
"Mbd2",3.87192868780303e-11,1.18103792702314,0.252,0.108,7.38338081477159e-07,"5","Mbd2"
"Ubb2",4.22462149265947e-11,0.80220635432792,0.645,0.446,8.05593072435235e-07,"5","Ubb"
"Mpdu1",4.24579639802721e-11,1.13940289987387,0.308,0.148,8.09630915139809e-07,"5","Mpdu1"
"Rpl211",4.31291589868442e-11,0.448801251134579,0.972,0.964,8.22429932720132e-07,"5","Rpl21"
"Tpm31",4.65684336758144e-11,1.16403975401214,0.285,0.13,8.88013461764105e-07,"5","Tpm3"
"Plaat3",4.68105768546944e-11,1.10590456654295,0.299,0.14,8.92630890042167e-07,"5","Plaat3"
"Slc35b2",5.0622433342959e-11,0.918840789633487,0.332,0.159,9.65319181416886e-07,"5","Slc35b2"
"Atp5pf",5.84958349017173e-11,0.433422390010976,0.916,0.871,1.11545707574085e-06,"5","Atp5pf"
"Tax1bp11",6.90678664661943e-11,0.953403253304682,0.514,0.322,1.31705514564386e-06,"5","Tax1bp1"
"Rexo21",7.42575543348786e-11,0.655177341529092,0.734,0.595,1.4160173036118e-06,"5","Rexo2"
"Serinc3",7.46592895779543e-11,1.13749162332025,0.294,0.137,1.42367799296201e-06,"5","Serinc3"
"Cisd2",7.99818363764682e-11,1.07428488744568,0.262,0.114,1.52517363786287e-06,"5","Cisd2"
"Ndufb9",8.10459175033887e-11,0.452286125597046,0.958,0.912,1.54546460087212e-06,"5","Ndufb9"
"Rpl35",8.13261540201243e-11,0.336030344573074,0.986,0.985,1.55080843100975e-06,"5","Rpl35"
"Ndufb31",8.2635020241864e-11,0.77395401686524,0.575,0.376,1.5757672009921e-06,"5","Ndufb3"
"Cnbp2",8.54852761605574e-11,0.683123182345239,0.551,0.331,1.63011873110567e-06,"5","Cnbp"
"Phyh",9.53916762042859e-11,0.926308319011577,0.407,0.222,1.81902387353953e-06,"5","Phyh"
"Slc25a51",1.06321920283147e-10,0.61442477839132,0.752,0.625,2.02745269787933e-06,"5","Slc25a5"
"Mrpl121",1.09610275829476e-10,0.755279400419454,0.444,0.245,2.09015834979228e-06,"5","Mrpl12"
"Smarca5",1.24429473723039e-10,1.16560858031294,0.29,0.136,2.37274563442463e-06,"5","Smarca5"
"Ndufa122",1.37901948766527e-10,0.924172028146752,0.467,0.275,2.6296522610289e-06,"5","Ndufa12"
"Insig1",1.4585156696043e-10,1.15759815109933,0.299,0.145,2.78124353036843e-06,"5","Insig1"
"Cox6b1",1.59292919513777e-10,0.619304570675259,0.766,0.628,3.03755668220821e-06,"5","Cox6b1"
"Ei241",1.79857978737919e-10,0.919805763823328,0.336,0.167,3.42971179655338e-06,"5","Ei24"
"Bola1",1.86760440343106e-10,1.20701925487969,0.252,0.112,3.56133483690269e-06,"5","Bola1"
"Mrps18c",1.93418748656687e-10,1.24237309285668,0.266,0.122,3.68830211813436e-06,"5","Mrps18c"
"Psmc2",1.96024444156488e-10,1.11629357407588,0.252,0.111,3.73799012562007e-06,"5","Psmc2"
"Gtf2a2",2.03162102459609e-10,1.20928230638826,0.257,0.116,3.87409813180228e-06,"5","Gtf2a2"
"Cdc123",2.06853636491627e-10,0.901794302107101,0.308,0.146,3.94449199425883e-06,"5","Cdc123"
"Cox6a11",2.09173619538214e-10,0.823771166350339,0.547,0.352,3.98873175097421e-06,"5","Cox6a1"
"Atp5mk3",2.55530678298802e-10,0.844170032441099,0.495,0.309,4.87271450447986e-06,"5","Atp5mk"
"Capzb1",2.6073595288578e-10,0.936118781065322,0.318,0.156,4.97197388557894e-06,"5","Capzb"
"Psenen2",2.65212432573273e-10,0.863463591292877,0.407,0.222,5.05733587673975e-06,"5","Psenen"
"Nsa21",2.79475320488177e-10,1.00471620285253,0.35,0.183,5.32931488638905e-06,"5","Nsa2"
"Sptbn1",2.83949144631674e-10,1.02495249665787,0.304,0.147,5.41462623898138e-06,"5","Sptbn1"
"Pdap1",3.0993341079909e-10,0.981976220999247,0.411,0.234,5.91012021052785e-06,"5","Pdap1"
"Pgls1",3.20885079616431e-10,0.644797851193613,0.565,0.349,6.11895758320572e-06,"5","Pgls"
"Dcps",3.40451357959066e-10,1.02054591423121,0.266,0.121,6.49206694492142e-06,"5","Dcps"
"Psmd121",3.41697441563634e-10,1.05422041125402,0.336,0.176,6.51582851317693e-06,"5","Psmd12"
"Tmsb4x2",3.50117096909936e-10,0.325941665114627,0.995,0.996,6.67638292097556e-06,"5","Tmsb4x"
"A830018L16Rik",3.6356546788058e-10,0.744724671265618,0.397,0.213,6.93282990701477e-06,"5","A830018L16Rik"
"Ppp1ca2",3.92921134036868e-10,0.927124177503576,0.416,0.234,7.49261310494903e-06,"5","Ppp1ca"
"Mpc13",4.37318297682202e-10,0.910703783696799,0.463,0.279,8.33922261850191e-06,"5","Mpc1"
"Pomp2",4.48113621147747e-10,0.763909100260619,0.561,0.37,8.54507864166638e-06,"5","Pomp"
"Ndufa2",5.16788629721826e-10,0.736158769880118,0.603,0.418,9.8546423801655e-06,"5","Ndufa2"
"Cggbp1",5.69801498087094e-10,1.00715617543498,0.271,0.125,1.08655447670228e-05,"5","Cggbp1"
"Atf7ip",5.7322721246571e-10,1.06405899479014,0.257,0.116,1.09308697145086e-05,"5","Atf7ip"
"Ubl52",6.07907106712889e-10,0.807852447848216,0.561,0.374,1.15921806179081e-05,"5","Ubl5"
"Nedd4l1",6.16743880644757e-10,1.03031216534294,0.313,0.156,1.17606890600149e-05,"5","Nedd4l"
"Scd21",6.18448733076179e-10,0.892758728905358,0.411,0.23,1.17931988910297e-05,"5","Scd2"
"Park72",6.5851161853363e-10,0.832928628884696,0.5,0.309,1.25571580538178e-05,"5","Park7"
"Fis12",6.73611501564491e-10,0.912440177525087,0.379,0.205,1.28450977233333e-05,"5","Fis1"
"Ddost1",6.96376070007015e-10,0.822795720546117,0.402,0.222,1.32791952789638e-05,"5","Ddost"
"Ndufs41",6.99076282333198e-10,0.844170032441099,0.411,0.229,1.33306856278118e-05,"5","Ndufs4"
"Rpl41",7.11066400613585e-10,0.386206397362193,1,0.994,1.35593251933004e-05,"5","Rpl41"
"Malsu1",8.67394694933231e-10,0.989568985247693,0.271,0.126,1.65403494376818e-05,"5","Malsu1"
"Cuta1",9.58476550635578e-10,0.923527824054383,0.346,0.181,1.82771893440698e-05,"5","Cuta"
"Chmp2a2",9.92137941212536e-10,0.972497010821737,0.393,0.227,1.89190784009818e-05,"5","Chmp2a"
"Ebp",1.00380427979106e-09,0.983470364510665,0.322,0.166,1.91415438113356e-05,"5","Ebp"
"A630073D07Rik1",1.05984638295295e-09,0.72774827926381,0.93,0.927,2.02102106765299e-05,"5","A630073D07Rik"
"Rpl391",1.26018429551555e-09,0.43369672530992,0.939,0.897,2.4030454331186e-05,"5","Rpl39"
"Pcnp",1.27214275387258e-09,0.966813767380402,0.262,0.12,2.42584901735963e-05,"5","Pcnp"
"Psma32",1.29706107997947e-09,0.862592354766441,0.407,0.23,2.47336577341285e-05,"5","Psma3"
"Sumo11",1.32059759366814e-09,0.978502099559093,0.318,0.162,2.51824755136578e-05,"5","Sumo1"
"Mdh11",1.34083094843171e-09,0.67483129380708,0.593,0.398,2.55683053556443e-05,"5","Mdh1"
"Rpl231",1.43872059914827e-09,0.284296376622073,0.995,0.996,2.74349631051583e-05,"5","Rpl23"
"Eif3i1",1.60923207957632e-09,0.753544800329656,0.477,0.291,3.06864465254408e-05,"5","Eif3i"
"Gabarapl22",1.63608882202861e-09,0.924177939607867,0.383,0.216,3.11985777472635e-05,"5","Gabarapl2"
"Plpp2",1.69978387874168e-09,0.948444865702913,0.294,0.145,3.24131787837251e-05,"5","Plpp2"
"Tmem2341",1.93415223388229e-09,0.637853629502595,0.579,0.383,3.68823489479014e-05,"5","Tmem234"
"Reep51",2.02058811368778e-09,0.311976014854087,0.991,0.971,3.85305947399123e-05,"5","Reep5"
"Tkt1",2.05911434443271e-09,0.739848139888324,0.43,0.245,3.92652514339874e-05,"5","Tkt"
"Cnpy22",2.15862053928331e-09,0.680811093739634,0.561,0.364,4.11627350635934e-05,"5","Cnpy2"
"Cox20",2.17230649341186e-09,1.19648395481623,0.257,0.124,4.14237125228707e-05,"5","Cox20"
"Psmb52",2.29520248217978e-09,0.656234985743866,0.514,0.316,4.37672161326863e-05,"5","Psmb5"
"Tomm72",2.35433776402729e-09,0.79011839731486,0.505,0.325,4.48948668222364e-05,"5","Tomm7"
"Rpl22",2.52247494517195e-09,0.460743184598087,0.879,0.804,4.81010747294839e-05,"5","Rpl22"
"Scamp2",2.53227334754905e-09,0.944068602495219,0.285,0.139,4.82879204644127e-05,"5","Scamp2"
"Micos10",2.56493381101393e-09,0.568896119318806,0.72,0.555,4.89107228422246e-05,"5","Micos10"
"Ostc1",2.63830897698494e-09,0.848636403760419,0.425,0.252,5.03099138821259e-05,"5","Ostc"
"Nmt1",3.28042388741293e-09,0.906391911740354,0.313,0.157,6.25544031090771e-05,"5","Nmt1"
"Polr1d2",3.4576224922421e-09,0.720054963220951,0.593,0.413,6.59334033045647e-05,"5","Polr1d"
"Mrpl23",3.46498254270867e-09,1.06582019605996,0.262,0.125,6.60737521069117e-05,"5","Mrpl23"
"Gtf2h5",3.46915360835659e-09,1.00899839209177,0.29,0.145,6.61532901577518e-05,"5","Gtf2h5"
"Ndufb8",3.49337925993359e-09,0.570235558257686,0.724,0.594,6.66152491076737e-05,"5","Ndufb8"
"Tex261",3.60782564681294e-09,0.989320811207012,0.28,0.138,6.8797627259076e-05,"5","Tex261"
"Cct51",5.26005997575136e-09,0.947475203938469,0.322,0.168,0.000100304083677603,"5","Cct5"
"Sem12",5.27981409553925e-09,0.681113328660507,0.547,0.358,0.000100680774987838,"5","Sem1"
"Ghitm",5.48891822436733e-09,1.09451706751301,0.266,0.13,0.000104668181620461,"5","Ghitm"
"Erp292",5.99210219548509e-09,0.913276466376984,0.379,0.214,0.000114263396765705,"5","Erp29"
"Atp5f1e",6.06248449259032e-09,0.410296590746199,0.907,0.851,0.000115605516789205,"5","Atp5f1e"
"Cldn71",6.09998559243553e-09,0.889056352237582,0.322,0.168,0.000116320625262153,"5","Cldn7"
"Eif5a1",6.14450228970878e-09,0.54451319620541,0.794,0.71,0.000117169514162457,"5","Eif5a"
"Ndufv21",6.39152963613306e-09,0.936663821273468,0.35,0.195,0.000121880078631421,"5","Ndufv2"
"Fnbp1l",6.56186124580123e-09,0.926462723517268,0.257,0.121,0.000125128132096184,"5","Fnbp1l"
"Rpl37a1",7.0024461641555e-09,0.297477698572766,0.986,0.973,0.000133529645904281,"5","Rpl37a"
"Atp2b1",7.35064568959049e-09,0.890857455644423,0.271,0.131,0.000140169462654801,"5","Atp2b1"
"Pi4k2b",7.45631467397241e-09,0.886358031463842,0.262,0.124,0.00014218446451798,"5","Pi4k2b"
"Atp5mf",8.10835458091903e-09,0.412707622714167,0.85,0.779,0.000154618213503545,"5","Atp5mf"
"Eif1ax",8.18846086407928e-09,1.03485508638709,0.28,0.142,0.000156145760217128,"5","Eif1ax"
"Eif3f2",8.34871016517784e-09,0.758206270262495,0.453,0.274,0.000159201554139776,"5","Eif3f"
"Cenpb",8.53577902221023e-09,0.824555813351385,0.308,0.159,0.000162768770174527,"5","Cenpb"
"Ckmt11",8.56870889307567e-09,0.78630917081444,0.379,0.212,0.00016339670988206,"5","Ckmt1"
"Kctd1",8.69561383851307e-09,0.842719358572374,0.262,0.124,0.000165816660286606,"5","Kctd1"
"Ctsz1",9.19143748226142e-09,0.942461004889066,0.313,0.163,0.000175271521349243,"5","Ctsz"
"Ube2m1",9.6907535249765e-09,0.90892762344925,0.322,0.17,0.000184792978967777,"5","Ube2m"
"Pcbp11",9.7242379764539e-09,0.793593565713043,0.397,0.228,0.000185431493973,"5","Pcbp1"
"Arf12",9.75703128547466e-09,0.584412765169803,0.565,0.374,0.000186056829582716,"5","Arf1"
"Dctn21",9.95316631254307e-09,0.912646497188329,0.332,0.179,0.000189796928413884,"5","Dctn2"
"Rnasek2",1.03490342480283e-08,0.704568409645352,0.542,0.359,0.000197345734075652,"5","Rnasek"
"Psmc6",1.03763457969554e-08,0.965257593049603,0.266,0.13,0.000197866538002143,"5","Psmc6"
"Med29",1.04724403708575e-08,1.06336175461151,0.252,0.122,0.000199698965431882,"5","Med29"
"Rpl301",1.15101435955431e-08,0.432844559567349,0.869,0.822,0.000219486928223412,"5","Rpl30"
"Chchd1",1.18367165287074e-08,0.891983827887108,0.346,0.19,0.000225714347485921,"5","Chchd1"
"Rpl111",1.23673743391659e-08,0.329339451025879,0.986,0.978,0.000235833461273554,"5","Rpl11"
"Oard1",1.28048312630924e-08,0.958921730589577,0.28,0.141,0.00024417532735591,"5","Oard1"
"Akr1a11",1.34205133986076e-08,0.854600136433865,0.407,0.243,0.000255915769998048,"5","Akr1a1"
"Vapa",1.38723901995152e-08,0.982236575217653,0.285,0.146,0.000264532608714556,"5","Vapa"
"Idh21",1.45098886048058e-08,0.832212657308437,0.407,0.239,0.000276689065805043,"5","Idh2"
"Commd6",1.59986641831289e-08,0.998351875418115,0.276,0.139,0.000305078527308085,"5","Commd6"
"Ost42",1.75752311987767e-08,1.04054476793246,0.355,0.206,0.000335142083729473,"5","Ost4"
"Sf3b2",1.79336161717024e-08,0.962512014584896,0.266,0.132,0.000341976126778194,"5","Sf3b2"
"Soat1",1.99482412791359e-08,0.968326878250123,0.294,0.154,0.000380393012951843,"5","Soat1"
"Chmp3",2.11885636593629e-08,0.962741960591779,0.285,0.147,0.000404044720420391,"5","Chmp3"
"Kmt5a",2.17865957167022e-08,0.91710155489495,0.327,0.181,0.000415448593721795,"5","Kmt5a"
"Atp5mc1",2.19049411742675e-08,0.375808062671249,0.893,0.86,0.000417705323252106,"5","Atp5mc1"
"Ephx11",2.22196489289478e-08,0.824725413564178,0.369,0.208,0.000423706485426106,"5","Ephx1"
"Pfdn2",2.2287329159935e-08,0.995263577653297,0.271,0.137,0.000424997079750801,"5","Pfdn2"
"Ndfip21",2.28590640679645e-08,0.700421044638346,0.36,0.197,0.000435899492712014,"5","Ndfip2"
"Mrpl531",2.28671708664444e-08,0.750835326960254,0.486,0.315,0.000436054081252228,"5","Mrpl53"
"Ndufa82",2.41809167345489e-08,0.893254812940582,0.379,0.224,0.000461105901211113,"5","Ndufa8"
"Vkorc1",2.55254739207655e-08,0.934175068253891,0.276,0.139,0.000486745262195078,"5","Vkorc1"
"S100a1",2.70578357775317e-08,0.941349101141628,0.285,0.148,0.000515965870441752,"5","S100a1"
"Bsg2",3.18717501352919e-08,0.583314376139271,0.542,0.357,0.000607762403329881,"5","Bsg"
"Eif4e2",3.19369184138255e-08,0.886358031463842,0.271,0.136,0.000609005097233238,"5","Eif4e2"
"Ccng11",3.38530170137854e-08,1.00371266235637,0.336,0.193,0.000645543181435875,"5","Ccng1"
"Uqcrq",3.64138984829196e-08,0.509046317263245,0.776,0.708,0.000694376630170793,"5","Uqcrq"
"Mrps213",3.75959279805668e-08,0.702729267760744,0.453,0.285,0.000716916750661427,"5","Mrps21"
"Vcf1",3.82900098937471e-08,0.943831920509471,0.271,0.138,0.000730152198663864,"5","Vcf1"
"Tcea1",4.24167410291934e-08,0.924615608552257,0.285,0.147,0.000808844834685689,"5","Tcea1"
"Dnaja11",4.39827543816814e-08,0.747716383221664,0.35,0.196,0.000838707143304282,"5","Dnaja1"
"Polr2j",4.49533797934877e-08,0.907386400061738,0.29,0.151,0.000857215999282018,"5","Polr2j"
"Eid1",5.00253085990764e-08,0.96049415040833,0.257,0.129,0.000953932609675789,"5","Eid1"
"Creg12",5.37052352715396e-08,0.842607828670816,0.388,0.235,0.00102410513139299,"5","Creg1"
"Wasl",5.43941998659346e-08,0.931012449669773,0.257,0.129,0.00103724299724351,"5","Wasl"
"Fus",5.6236558654448e-08,0.899179646897688,0.262,0.132,0.00107237493698167,"5","Fus"
"Ybx31",6.12511177844207e-08,0.707085531360647,0.364,0.205,0.00116799756503112,"5","Ybx3"
"Ubxn1",6.54763645387786e-08,0.998238317620355,0.257,0.131,0.00124856879538997,"5","Ubxn1"
"M6pr",6.91283279349347e-08,0.920354532690038,0.276,0.143,0.00131820808539127,"5","M6pr"
"Slc5a8",7.16631391882021e-08,1.07402642724018,0.276,0.146,0.00136654440117983,"5","Slc5a8"
"Rpl36al",7.2106566230397e-08,0.32946986739781,1,0.969,0.00137500011144744,"5","Rpl36al"
"Rpl6",7.52282613373807e-08,0.391104822118281,0.911,0.862,0.00143452771544251,"5","Rpl6"
"Psmd13",7.54350792896946e-08,1.12788268586111,0.262,0.135,0.00143847152697519,"5","Psmd13"
"S100a161",8.2849254647913e-08,0.829234653975007,0.383,0.228,0.00157985243688105,"5","S100a16"
"Pdlim1",8.37209506616981e-08,0.897262807802715,0.257,0.129,0.00159647480816792,"5","Pdlim1"
"Mapk1",9.12141157334543e-08,0.854798197284643,0.266,0.135,0.00173936197292124,"5","Mapk1"
"Ndufc11",9.54668584305423e-08,0.615281676261114,0.589,0.415,0.00182045752341201,"5","Ndufc1"
"Emc71",1.04505199128178e-07,0.870370504549959,0.308,0.171,0.00199280964217523,"5","Emc7"
"Eif6",1.06220579914009e-07,0.958819240976285,0.262,0.135,0.00202552023838023,"5","Eif6"
"Bckdk1",1.06249924189161e-07,0.626220589922154,0.43,0.256,0.00202607980436312,"5","Bckdk"
"Sdf2l11",1.07361206083734e-07,0.945157840025926,0.313,0.174,0.00204727083881072,"5","Sdf2l1"
"Hspe12",1.07439845530328e-07,0.753090228881011,0.43,0.273,0.00204877041441783,"5","Hspe1"
"Perp1",1.07885396578177e-07,0.764185652155994,0.308,0.168,0.00205726662734926,"5","Perp"
"Ppa1",1.15518503988049e-07,0.810749573722616,0.262,0.132,0.0022028223525481,"5","Ppa1"
"Ddx24",1.19325032412081e-07,0.908384337793841,0.294,0.16,0.00227540904306597,"5","Ddx24"
"Rpl28",1.24863541907733e-07,0.339926480190323,0.986,0.976,0.00238102288063856,"5","Rpl28"
"Atp5mg",1.29427969054935e-07,0.456305972148703,0.776,0.697,0.00246806194190856,"5","Atp5mg"
"Slc25a31",1.30446338244752e-07,0.510043641246236,0.766,0.655,0.00248748122398917,"5","Slc25a3"
"Pdcd6",1.31690919105064e-07,0.932955506095787,0.252,0.128,0.00251121413641447,"5","Pdcd6"
"Mrpl17",1.34737199110054e-07,0.790150996688064,0.313,0.172,0.00256930364982962,"5","Mrpl17"
"Pin4",1.45061089894763e-07,0.816822655084626,0.285,0.151,0.00276616992320323,"5","Pin4"
"Rex1bd2",1.48118498545299e-07,0.71870461462748,0.369,0.215,0.00282447164876031,"5","Rex1bd"
"Grpel11",1.71380797912829e-07,0.866098651460847,0.322,0.182,0.00326806043539974,"5","Grpel1"
"Sec61g",1.81617765322315e-07,0.443327403140563,0.813,0.781,0.00346326916693122,"5","Sec61g"
"Ndufb52",1.96338388563868e-07,0.555538944155156,0.593,0.418,0.0037439767315244,"5","Ndufb5"
"H2-D11",2.13930210192604e-07,0.572096947662807,0.621,0.455,0.00407943517816276,"5","H2-D1"
"Eif4h1",2.16127829037767e-07,0.713429268743454,0.308,0.169,0.00412134157192118,"5","Eif4h"
"Metap2",2.49119978524673e-07,0.948599707729642,0.262,0.139,0.00475046887048699,"5","Metap2"
"Mrps26",2.6138947901372e-07,0.721129769442312,0.299,0.162,0.00498443597531263,"5","Mrps26"
"Cald1",2.6192692052023e-07,0.730844147124897,0.612,0.492,0.00499468444740027,"5","Cald1"
"Vegfb",2.76785804594422e-07,0.832766463178537,0.266,0.139,0.00527802850781103,"5","Vegfb"
"Foxc1",2.79179917559299e-07,0.919052461265111,0.266,0.142,0.00532368184793827,"5","Foxc1"
"Rpl22l1",2.87989686007225e-07,0.450595589621937,0.762,0.628,0.00549167532247178,"5","Rpl22l1"
"Wapl",2.91527027336251e-07,0.76127950952679,0.29,0.157,0.00555912888427497,"5","Wapl"
"Jade1",3.0074932275655e-07,0.87362600619165,0.271,0.144,0.00573498883564466,"5","Jade1"
"Acadl1",3.1011994115029e-07,0.728733948499173,0.388,0.233,0.00591367715779487,"5","Acadl"
"Kdelr12",3.12167730688686e-07,0.746474682827805,0.425,0.277,0.00595272645650255,"5","Kdelr1"
"Esd1",3.14985440953075e-07,0.943280851094457,0.28,0.154,0.00600645737353419,"5","Esd"
"Gtf2b",3.251450136746e-07,0.880411745565769,0.262,0.137,0.00620019026576094,"5","Gtf2b"
"Ndufs81",3.2819166197553e-07,0.858331973978659,0.332,0.194,0.00625828680221137,"5","Ndufs8"
"Gmds1",3.45466667633888e-07,0.431674727724708,0.444,0.271,0.0065877038851106,"5","Gmds"
"Timm23",3.46216531951579e-07,0.861307709879903,0.299,0.166,0.00660200304778466,"5","Timm23"
"Tecr",3.48487330021634e-07,0.803029788186155,0.304,0.169,0.00664530489618254,"5","Tecr"
"Sh3glb1",3.64680041989295e-07,0.866377939818867,0.266,0.141,0.00695408372069386,"5","Sh3glb1"
"Psmd6",3.86827195103728e-07,0.899371176276115,0.252,0.132,0.007376407783433,"5","Psmd6"
"Pip2",3.90821376185192e-07,0.327118004015562,1,1,0.00745257282247543,"5","Pip"
"Itm2b1",4.08348043817743e-07,0.427500031462223,0.757,0.635,0.00778678884756054,"5","Itm2b"
"Cdh11",4.42090758810344e-07,0.656426421935078,0.332,0.189,0.00843022867975444,"5","Cdh1"
"Tomm22",4.50764868617699e-07,0.892255831914477,0.276,0.15,0.0085956352796709,"5","Tomm22"
"Xist",4.52291077915401e-07,0.402026521595144,0.589,0.419,0.00862473856476879,"5","Xist"
"Actn41",4.66883613995948e-07,0.589526896866446,0.322,0.179,0.00890300363528874,"5","Actn4"
"Rpl81",4.81007537582856e-07,0.25397524034774,0.991,0.988,0.00917233273416749,"5","Rpl8"
"Rpl291",4.97997638177867e-07,0.467526035699598,0.827,0.742,0.00949631696241374,"5","Rpl29"
"Epha5",5.11834492553695e-07,1.04657924913667,0.374,0.234,0.00976017193850641,"5","Epha5"
"Polr2f",5.25319509064349e-07,1.04622639026628,0.304,0.176,0.0100173177183481,"5","Polr2f"
"Rpl17",5.33064764169752e-07,0.416549418695501,0.907,0.914,0.010165011987953,"5","Rpl17"
"Upf3b",5.67572976699095e-07,0.904960992022738,0.252,0.131,0.010823049092675,"5","Upf3b"
"Mrps242",5.74249388639697e-07,0.657691362446099,0.481,0.33,0.0109503615919704,"5","Mrps24"
"H2-K12",6.2450508241283e-07,0.481245584108552,0.547,0.372,0.0119086874165302,"5","H2-K1"
"Ifi301",6.32960709314351e-07,0.843371166361578,0.308,0.176,0.0120699277659154,"5","Ifi30"
"Hnrnpu",6.42786682538795e-07,0.745490176824751,0.369,0.225,0.0122572992493323,"5","Hnrnpu"
"Rpn21",6.62598990837203e-07,0.483575028211844,0.505,0.324,0.0126351001562746,"5","Rpn2"
"Srp143",6.71284193481216e-07,0.718314072608932,0.421,0.269,0.0128007182854933,"5","Srp14"
"Nenf",7.23220502288963e-07,0.879346632899532,0.308,0.179,0.0137910917581482,"5","Nenf"
"Scand11",7.55528059585554e-07,0.584982837125671,0.495,0.327,0.0144071645682369,"5","Scand1"
"Dnajb11",7.64853951698374e-07,0.865082246525115,0.266,0.144,0.0145850000049363,"5","Dnajb11"
"Glul1",7.74237487421272e-07,0.743800973039361,0.346,0.207,0.0147639346476362,"5","Glul"
"Rpl10a1",7.81816928083606e-07,0.309901565081083,0.902,0.908,0.0149084670016263,"5","Rpl10a"
"Mt12",7.8962079108385e-07,0.766602052040288,0.444,0.286,0.0150572788651779,"5","Mt1"
"Uqcrc11",8.55320573486241e-07,0.742393931316347,0.379,0.234,0.0163101080158091,"5","Uqcrc1"
"Morf4l2",8.61727969920319e-07,0.785682793605993,0.276,0.15,0.0164322906584106,"5","Morf4l2"
"Abhd11os2",9.12025034991068e-07,0.879476482595033,0.383,0.248,0.0173914053922447,"5","Abhd11os"
"Aurkaip12",9.46281117623212e-07,0.657183122283012,0.383,0.236,0.018044634631957,"5","Aurkaip1"
"Eif4a11",1.02635326762636e-06,0.560546075372863,0.472,0.31,0.0195715304603671,"5","Eif4a1"
"Rpl18a1",1.03321479386565e-06,0.289615787310614,0.991,0.972,0.019702372904224,"5","Rpl18a"
"Zfp706",1.12533116761048e-06,0.7154676937253,0.308,0.176,0.0214589400351643,"5","Zfp706"
"Pafah1b11",1.20066121651397e-06,0.556649193381709,0.36,0.212,0.0228954087377049,"5","Pafah1b1"
"Lpo1",1.21751308309259e-06,0.524610219146189,0.729,0.652,0.0232167569814927,"5","Lpo"
"Lman2",1.23551196549633e-06,0.746205368602169,0.271,0.148,0.0235599776700494,"5","Lman2"
"Ncor11",1.28271358297508e-06,0.555434344956374,0.416,0.267,0.0244600653137519,"5","Ncor1"
"Yipf1",1.29963882208909e-06,0.81967547052035,0.276,0.154,0.0247828126984169,"5","Yipf1"
"Rps14",1.35160192270417e-06,0.289916083835455,0.977,0.983,0.0257736970640458,"5","Rps14"
"Vamp8",1.52750849280301e-06,0.483482629874381,0.579,0.415,0.0291280594492607,"5","Vamp8"
"Atp5f1b1",1.6463033042705e-06,0.423955634719802,0.836,0.757,0.0313933577091342,"5","Atp5f1b"
"Ndufa31",2.05137737110732e-06,0.649874926998947,0.374,0.23,0.0391177150896456,"5","Ndufa3"
"Selenom2",2.09441355924497e-06,0.646968544612304,0.383,0.238,0.0399383721612424,"5","Selenom"
"Rps171",2.09972637487615e-06,0.517591054755653,0.748,0.672,0.0400396822425134,"5","Rps17"
"Cstb",2.13538501164233e-06,0.988292602751903,0.276,0.158,0.0407196567870076,"5","Cstb"
"Tmem1342",2.1390753089111e-06,0.675779405023651,0.379,0.235,0.0407900270656257,"5","Tmem134"
"Atp5mj1",2.4042294239976e-06,0.579105091379934,0.551,0.405,0.0458462508862103,"5","Atp5mj"
"Sec11a2",2.60664657144724e-06,0.694224275533139,0.327,0.196,0.0497061434709274,"5","Sec11a"
"Ggh1",2.61427775273965e-06,0.490719082022097,0.57,0.416,0.0498516624669924,"5","Ggh"
"Gm12873",0,5.18036891655498,1,0.073,0,"4","Gm12873"
"Gm532362",7.59194493321225e-35,0.300396559769656,1,1,1.44770797931424e-30,"4","Gm53236"
"Mucl21",1.00025295586763e-26,0.254855755840097,1,1,1.90738236154398e-22,"4","Mucl2"
"Rpl411",8.12181641457309e-20,0.299005031139722,0.992,0.994,1.54874917209494e-15,"4","Rpl41"
"Tomm73",4.66816578667917e-19,0.682810504324443,0.52,0.32,8.90172533861852e-15,"4","Tomm7"
"Rps81",2.73880623783977e-17,0.280211523099678,0.975,0.971,5.22262961493665e-13,"4","Rps8"
"Rps29",2.93723179959099e-14,0.341115928652375,0.98,0.961,5.60100731864006e-10,"4","Rps29"
"Dpm32",1.16239082610167e-13,0.518015385102999,0.51,0.335,2.21656306629328e-09,"4","Dpm3"
"Selenom3",2.83984314915193e-13,0.672258495255377,0.381,0.235,5.41529690111782e-09,"4","Selenom"
"Mif3",5.65430010161373e-13,0.552442435398274,0.498,0.328,1.07821848637672e-08,"4","Mif"
"Rpl37",5.77335808404778e-13,0.257607982812343,0.957,0.951,1.10092165304707e-08,"4","Rpl37"
"Rps28",6.50244519170283e-13,0.341349662270849,0.922,0.902,1.23995127360581e-08,"4","Rps28"
"Rps121",1.3236765006745e-12,0.300078287362799,0.893,0.862,2.52411871913621e-08,"4","Rps12"
"Atp5me2",3.76773617656443e-11,0.395836051007997,0.518,0.351,7.18469611509071e-07,"4","Atp5me"
"Rpl23a3",4.39789724002405e-11,0.454407872789938,0.494,0.342,8.38635024700186e-07,"4","Rpl23a"
"Rps211",1.16572257614353e-10,0.28151098651494,0.945,0.941,2.22291638044809e-06,"4","Rps21"
"Rpl342",2.71701884489263e-10,0.27571228070174,0.857,0.834,5.18108323532575e-06,"4","Rpl34"
"Aurkaip13",2.81129150308861e-10,0.562167270743535,0.363,0.234,5.36085176723968e-06,"4","Aurkaip1"
"Rpl313",2.21823298548693e-09,0.397352434208589,0.504,0.357,4.22994848002502e-05,"4","Rpl31"
"Mrpl523",4.06078825523623e-09,0.430309560438103,0.414,0.283,7.74351712390996e-05,"4","Mrpl52"
"Ndufb104",9.85052023267618e-09,0.427268558844654,0.42,0.291,0.000187839570316902,"4","Ndufb10"
"Tmem2583",1.29003772462396e-08,0.489325619556524,0.393,0.268,0.000245997293708542,"4","Tmem258"
"Ss18l2",1.33942937957056e-08,0.340107225324179,0.57,0.424,0.00025541578839031,"4","Ss18l2"
"Atp5mj2",1.72429171861752e-08,0.372433519978739,0.543,0.402,0.000328805187823174,"4","Atp5mj"
"Gm155011",2.14749370299078e-08,0.726602233231787,0.279,0.181,0.000409505574223312,"4","Gm15501"
"Ybx13",2.17208898146318e-08,0.468031884230115,0.326,0.213,0.000414195647875215,"4","Ybx1"
"Ndufa73",2.61632905690687e-08,0.38751810640494,0.5,0.368,0.000498907787861571,"4","Ndufa7"
"Mrps243",3.11328409893406e-08,0.42113262591627,0.457,0.328,0.000593672144825736,"4","Mrps24"
"Txndc174",4.0002955068851e-08,0.366062496127976,0.414,0.286,0.00076281635020792,"4","Txndc17"
"Rer13",5.12691712624763e-08,0.349789442851099,0.418,0.289,0.000977651826804161,"4","Rer1"
"Ndufa32",5.5993864722008e-08,0.460867780542941,0.342,0.228,0.00106774700638397,"4","Ndufa3"
"Hypk2",6.19413151205531e-08,0.405628282526774,0.434,0.309,0.00118115893803383,"4","Hypk"
"Oaz13",6.57904041173329e-08,0.473488197278485,0.375,0.26,0.00125455721611342,"4","Oaz1"
"Atp5mk4",7.24573417450032e-08,0.400325061985748,0.434,0.308,0.00138168904973547,"4","Atp5mk"
"Selenok3",8.3930662634029e-08,0.378872183766349,0.541,0.414,0.0016004738057683,"4","Selenok"
"D8Ertd738e1",8.7706565568751e-08,0.359262321480003,0.512,0.379,0.00167247649883051,"4","D8Ertd738e"
"Ndufa62",1.20839807279932e-07,0.285820363469989,0.555,0.413,0.00230429428502102,"4","Ndufa6"
"Atp5po1",1.37305812834296e-07,0.317548663013524,0.586,0.448,0.00261828454493719,"4","Atp5po"
"Rtraf2",1.45462438712178e-07,0.502868645507004,0.291,0.191,0.00277382324380253,"4","Rtraf"
"Timm10b3",1.5148417502617e-07,0.382303958234834,0.406,0.287,0.00288865173357403,"4","Timm10b"
"Cox171",1.54384451123511e-07,0.531568442362786,0.277,0.181,0.00294395709847423,"4","Cox17"
"Mrpl532",1.61851629232199e-07,0.383773809887843,0.434,0.313,0.00308634871782881,"4","Mrpl53"
"Tomm64",1.69030274292615e-07,0.432171613096456,0.375,0.259,0.00322323830048587,"4","Tomm6"
"Snhg181",2.08029257039095e-07,0.474266354842784,0.332,0.229,0.00396690990247851,"4","Snhg18"
"Ndufb32",2.24724044637095e-07,0.308914392663105,0.51,0.374,0.00428526280718476,"4","Ndufb3"
"Ost43",2.88739415537668e-07,0.529833593135536,0.301,0.205,0.00550597191488778,"4","Ost4"
"Rps272",3.20825755334018e-07,0.284240470059404,0.764,0.745,0.00611782632846438,"4","Rps27"
"Pdap11",3.43889835779503e-07,0.337399746221458,0.344,0.233,0.00655763527847934,"4","Pdap1"
"Atox13",3.48566119328982e-07,0.490765008730868,0.303,0.204,0.00664680732948436,"4","Atox1"
"Mydgf2",3.77646640626974e-07,0.308175322293705,0.514,0.386,0.00720134379011577,"4","Mydgf"
"Cops92",5.24711607214032e-07,0.454063181513617,0.291,0.194,0.0100057256379644,"4","Cops9"
"Mrpl332",5.74622665016252e-07,0.546274072698479,0.291,0.197,0.0109574795991949,"4","Mrpl33"
"Mrpl511",6.20319920303583e-07,0.510474506560457,0.277,0.184,0.011828880560269,"4","Mrpl51"
"Mrps121",8.74845358264981e-07,0.449053381781597,0.268,0.176,0.0166824261367549,"4","Mrps12"
"Ndufa14",8.90496611344307e-07,0.319855639169032,0.506,0.382,0.0169808798817246,"4","Ndufa1"
"2310039H08Rik",1.05281113276413e-06,0.449910667378646,0.275,0.182,0.0200760554906793,"4","2310039H08Rik"
"Ech11",1.62929784268218e-06,0.413781425283302,0.285,0.19,0.0310690805621065,"4","Ech1"
"Atp6v1f3",1.72642107810877e-06,0.35479929429834,0.385,0.277,0.032921123538456,"4","Atp6v1f"
"Mir7031",2.02630217318169e-06,0.370283845791191,0.279,0.185,0.0386395561404016,"4","Mir703"
"Cenpx1",2.03546250023296e-06,0.426952574871815,0.309,0.213,0.0388142344169423,"4","Cenpx"
"Cox143",2.17396048832296e-06,0.420410584841315,0.289,0.196,0.0414552525518306,"4","Cox14"
"Mrps214",2.21675616355132e-06,0.37955911098214,0.389,0.284,0.0422713232827601,"4","Mrps21"
"Gphn",0,3.18432248775737,0.758,0.304,0,"0","Gphn"
"ATP8",0,2.50611578257116,0.931,0.515,0,"0","ATP8"
"Camk1d",0,3.11756776254498,0.864,0.481,0,"0","Camk1d"
"Kcnma1",0,1.84137117166309,0.864,0.489,0,"0","Kcnma1"
"Lars2",0,2.88611896122936,0.873,0.502,0,"0","Lars2"
"Cdk8",0,2.72042658958565,0.63,0.263,0,"0","Cdk8"
"Rn7sk",0,3.3647587757264,0.573,0.221,0,"0","Rn7sk"
"Clec2d",0,1.82574864478231,0.847,0.503,0,"0","Clec2d"
"Naaladl2",0,1.83272045915833,0.722,0.38,0,"0","Naaladl2"
"Chrm3",0,1.67316677538487,0.894,0.552,0,"0","Chrm3"
"Atp2a3",0,1.66158055363447,0.879,0.544,0,"0","Atp2a3"
"Zbtb20",0,1.63765580112463,0.914,0.591,0,"0","Zbtb20"
"Mir6236",0,3.5827083216052,0.483,0.16,0,"0","Mir6236"
"Neat11",0,1.51637125082006,0.859,0.537,0,"0","Neat1"
"Rbm47",0,1.6965941930475,0.737,0.417,0,"0","Rbm47"
"Tshz2",0,1.90097586097744,0.663,0.347,0,"0","Tshz2"
"Esrrg",0,1.72753599083733,0.921,0.618,0,"0","Esrrg"
"Rap1gap",0,1.26982145355373,0.858,0.556,0,"0","Rap1gap"
"Slc12a8",0,1.56593717810029,0.713,0.413,0,"0","Slc12a8"
"Gne",0,1.42548341881686,0.882,0.594,0,"0","Gne"
"Cpd",0,1.25858922234882,0.909,0.629,0,"0","Cpd"
"Plcb4",0,1.48921706527099,0.926,0.652,0,"0","Plcb4"
"mt-Rnr1",0,2.91938516173921,0.984,0.753,0,"0","mt-Rnr1"
"ND3",0,2.23880301296987,0.981,0.761,0,"0","ND3"
"ND5",0,2.60608269311935,0.988,0.769,0,"0","ND5"
"Auts2",0,1.73762956078794,0.971,0.755,0,"0","Auts2"
"ND4L",0,2.44028488209532,0.99,0.797,0,"0","ND4L"
"St3gal1",0,1.5428736073783,0.97,0.808,0,"0","St3gal1"
"Rrbp1",0,1.29222088575268,0.979,0.835,0,"0","Rrbp1"
"Slc12a21",0,1.08798698562329,0.985,0.847,0,"0","Slc12a2"
"Malat1",0,2.25448913615703,0.993,0.855,0,"0","Malat1"
"St3gal4",0,1.34008615149882,0.988,0.878,0,"0","St3gal4"
"mt-Rnr2",0,3.29635772694822,0.999,0.913,0,"0","mt-Rnr2"
"ND1",0,2.3178778870498,0.999,0.913,0,"0","ND1"
"ND4",0,2.85383580354619,0.999,0.914,0,"0","ND4"
"ND2",0,2.84674614610632,0.999,0.924,0,"0","ND2"
"COX1",0,2.72254366400855,0.999,0.927,0,"0","COX1"
"CYTB",0,2.78746363354299,1,0.933,0,"0","CYTB"
"COX2",0,2.79721552521176,1,0.935,0,"0","COX2"
"COX3",0,2.83980023100916,1,0.944,0,"0","COX3"
"ATP6",0,2.84117749715718,1,0.956,0,"0","ATP6"
"Gm26917",0,2.98646477921256,0.995,0.985,0,"0","Gm26917"
"Iqgap2",3.05248380343839e-316,1.47427850818892,0.726,0.435,0,"0","Iqgap2"
"Etv1",6.96315059230171e-315,1.41827125271775,0.752,0.461,0,"0","Etv1"
"Gfpt1",7.66224324215063e-314,1.13308650681642,0.863,0.582,0,"0","Gfpt1"
"Stk39",1.12171832610818e-311,1.54840872949954,0.689,0.397,0,"0","Stk39"
"Rsrp1",1.85413483679526e-308,2.07112156682564,0.549,0.276,0,"0","Rsrp1"
"Atxn1",2.41800185721533e-306,1.69798835392577,0.645,0.362,0,"0","Atxn1"
"Nktr",8.9664834213325e-301,1.64732793649842,0.64,0.363,1.70981872361389e-296,"0","Nktr"
"Pdcd4",1.00035166654078e-293,1.07697738771847,0.912,0.682,1.90757059292662e-289,"0","Pdcd4"
"Hdlbp",8.62309043363495e-291,1.10300624141986,0.862,0.59,1.64433711478985e-286,"0","Hdlbp"
"Atp1a11",4.71338799460512e-290,0.914393730668939,0.944,0.701,8.9879595669125e-286,"0","Atp1a1"
"Srsf10",1.64325641891762e-285,1.63521866286364,0.636,0.367,3.13352566523402e-281,"0","Srsf10"
"Pbx1",2.15392239031116e-284,1.67119412922225,0.628,0.356,4.10731460608435e-280,"0","Pbx1"
"Gm20275",9.72405657662273e-283,1.69592636894898,0.632,0.356,1.85428034859619e-278,"0","Gm20275"
"ND6",1.2660537399609e-278,2.5507144229703,0.434,0.173,2.41423787673143e-274,"0","ND6"
"Cmss1",2.08020254412062e-274,2.28048107966482,0.748,0.45,3.96673823138361e-270,"0","Cmss1"
"Son",2.14248865200531e-267,1.82908709090579,0.56,0.314,4.08551161050893e-263,"0","Son"
"Gm46178",3.04648142170735e-265,2.89440414171518,0.461,0.212,5.80933542305375e-261,"0","Gm46178"
"Creb3l1",3.97047202141421e-265,1.2839859229548,0.748,0.479,7.57129309763475e-261,"0","Creb3l1"
"Pde4d",2.47495700619728e-260,1.80117333131211,0.561,0.308,4.71949551511759e-256,"0","Pde4d"
"Srrm2",3.8042615429141e-255,1.75500221681534,0.577,0.337,7.2543463361829e-251,"0","Srrm2"
"Galnt7",2.59088351799082e-252,1.64583831471077,0.585,0.339,4.94055578045669e-248,"0","Galnt7"
"Ncald1",1.62620565309319e-249,1.08577600880434,0.866,0.632,3.1010115598834e-245,"0","Ncald"
"Pabpc1",1.89547844443835e-248,0.834895274487558,0.963,0.81,3.61448784569948e-244,"0","Pabpc1"
"Meis1",6.95793841882593e-244,1.66869484921765,0.572,0.327,1.32680927708592e-239,"0","Meis1"
"Magi1",6.24841467911888e-243,1.73538220495493,0.556,0.315,1.19151019516118e-238,"0","Magi1"
"Adcy8",7.70588100102412e-240,1.63817357046594,0.576,0.327,1.46943444808529e-235,"0","Adcy8"
"P4hb",1.68185506738877e-238,0.859062698238772,0.96,0.791,3.20712942800365e-234,"0","P4hb"
"Eef21",1.3776682880439e-236,0.852244790461582,0.932,0.715,2.62707565847091e-232,"0","Eef2"
"Fry",6.21826496151807e-234,1.55521737888871,0.591,0.348,1.18576094551188e-229,"0","Fry"
"Foxp1",8.68620562108527e-231,1.59242253485428,0.572,0.333,1.65637254988475e-226,"0","Foxp1"
"Nbea",2.84565763517042e-230,1.80814787323371,0.51,0.277,5.42638454450647e-226,"0","Nbea"
"Mbnl21",1.10044510857216e-226,1.13870453180566,0.74,0.477,2.09843877753625e-222,"0","Mbnl2"
"Nfib",2.50174224741354e-223,1.455223172707,0.606,0.367,4.77057229159289e-219,"0","Nfib"
"Pigr1",1.41587519510552e-214,0.960068388939324,0.846,0.584,2.69993240954671e-210,"0","Pigr"
"Cgnl1",2.00294896965221e-209,1.68509353659066,0.518,0.299,3.81942339022979e-205,"0","Cgnl1"
"Stox2",5.32873106639887e-200,1.72946346492323,0.507,0.291,1.0161357270516e-195,"0","Stox2"
"Bach2",1.39705711089433e-198,1.56459502042491,0.533,0.315,2.66404820476439e-194,"0","Bach2"
"Mgat4a",7.81750928877154e-198,1.38942847082481,0.603,0.378,1.49072084627585e-193,"0","Mgat4a"
"Nfia1",1.09623014302855e-186,1.56745201732586,0.521,0.311,2.09040125974113e-182,"0","Nfia"
"Pde4b1",2.37154060183459e-184,1.31545306448758,0.586,0.361,4.52229077363837e-180,"0","Pde4b"
"Snd1",3.7378689368525e-184,1.62261760530738,0.494,0.29,7.12774227568403e-180,"0","Snd1"
"Sntb1",4.35954703479584e-184,1.58953233952665,0.509,0.305,8.31322024065218e-180,"0","Sntb1"
"Luc7l2",1.03909382220449e-181,1.66497996805544,0.479,0.281,1.98144800956173e-177,"0","Luc7l2"
"Gm15564",1.09628412577286e-173,2.28058811402556,0.39,0.196,2.09050419943626e-169,"0","Gm15564"
"Il31ra",2.20325663280274e-171,2.63115894990929,0.28,0.1,4.20139007309155e-167,"0","Il31ra"
"Xist1",7.25921545636941e-163,1.38593900044185,0.542,0.347,1.38425979537508e-158,"0","Xist"
"Tnrc6a",7.61791049484858e-157,1.79660857187241,0.403,0.218,1.45265935226268e-152,"0","Tnrc6a"
"Ralgapa2",2.65621156892533e-154,1.69647700675577,0.433,0.253,5.06512984078371e-150,"0","Ralgapa2"
"Gm30821",4.850890804235e-154,2.41623325586253,0.344,0.164,9.25016367459572e-150,"0","Gm30821"
"Agt1",3.47535127035306e-153,0.635705686363198,0.955,0.806,6.62714733743625e-149,"0","Agt"
"Hspa5",4.13117418093431e-151,0.723358883813878,0.84,0.62,7.87773604562364e-147,"0","Hspa5"
"Fam3d",1.07266201621114e-148,0.790301685000284,0.882,0.716,2.04545919871303e-144,"0","Fam3d"
"Ddx51",8.39886166668431e-148,1.08171720145566,0.629,0.434,1.60157893122003e-143,"0","Ddx5"
"Chst9",2.21886889427546e-140,1.43964390376023,0.498,0.315,4.23116109449388e-136,"0","Chst9"
"Dnah11",3.19072271752816e-135,1.73013201491372,0.393,0.222,6.08438915005445e-131,"0","Dnah11"
"Exoc41",2.54487641563777e-131,1.4696665908385,0.475,0.304,4.85282483697967e-127,"0","Exoc4"
"Elapor1",3.29685721359534e-131,1.38710253898637,0.482,0.313,6.28677702060495e-127,"0","Elapor1"
"Wwc1",1.65711627681254e-129,1.41369726455279,0.475,0.309,3.15995502825383e-125,"0","Wwc1"
"Fndc3b",3.47439665265195e-122,1.4816568536704,0.449,0.29,6.625326976942e-118,"0","Fndc3b"
"Snrnp70",5.52338457568512e-122,1.65956541474711,0.373,0.212,1.0532542047374e-117,"0","Snrnp70"
"Dtnb",1.46896137293498e-121,1.53558194492915,0.406,0.248,2.80116244204972e-117,"0","Dtnb"
"Eif4g3",1.77494721776327e-119,1.63520670537598,0.387,0.23,3.38464684955278e-115,"0","Eif4g3"
"Erbb4",2.57982396222733e-117,1.71199940255519,0.359,0.203,4.9194663135713e-113,"0","Erbb4"
"Mad1l1",5.3322526185087e-117,1.74961455016661,0.342,0.187,1.01680725182342e-112,"0","Mad1l1"
"Hexb",1.58513069788675e-115,1.86492803520438,0.413,0.265,3.02268572780025e-111,"0","Hexb"
"Ank3",1.78445526580154e-115,1.52211982601077,0.424,0.274,3.40277774635696e-111,"0","Ank3"
"Gm57537",2.12900545868325e-114,1.48019845903327,0.402,0.249,4.05980050916309e-110,"0","Gm57537"
"Elmo1",1.42210331323192e-113,1.53938712487415,0.407,0.256,2.71180880800195e-109,"0","Elmo1"
"Cracr2a",8.81592636005501e-113,1.79057768900007,0.294,0.144,1.68110899759889e-108,"0","Cracr2a"
"Calr",9.1111163151785e-111,0.815267318946202,0.645,0.467,1.73739877014139e-106,"0","Calr"
"Nfix1",6.18936904067561e-110,1.28159654973168,0.473,0.324,1.18025078236643e-105,"0","Nfix"
"Prpf4b",2.60365401544924e-108,1.71965007469381,0.308,0.16,4.96490784206016e-104,"0","Prpf4b"
"Arhgef28",2.76670060864012e-107,1.58243240217071,0.378,0.233,5.27582139061584e-103,"0","Arhgef28"
"Airn1",1.67353082903175e-106,1.4193242727064,0.421,0.273,3.19125593788065e-102,"0","Airn"
"Ccser1",1.56799931382429e-105,1.56299281551043,0.365,0.218,2.99001789153153e-101,"0","Ccser1"
"Dpyd",1.62564014549746e-105,1.56075345619024,0.361,0.211,3.09993319344911e-101,"0","Dpyd"
"Sorbs2",3.17799194078899e-105,1.48007116948902,0.411,0.268,6.06011283189053e-101,"0","Sorbs2"
"Mia2",3.62567914120083e-105,1.01004673886727,0.564,0.417,6.91380755435586e-101,"0","Mia2"
"Pnisr",5.90309774650414e-105,1.75011699624235,0.291,0.148,1.12566170928087e-100,"0","Pnisr"
"Dnajc1",4.01524992522083e-104,1.23130788231582,0.478,0.333,7.6566800824036e-100,"0","Dnajc1"
"Zfhx3",5.20377615804953e-102,1.5896190674131,0.379,0.239,9.92308075578466e-98,"0","Zfhx3"
"Arhgef10l",4.17640047999688e-101,1.62022621189007,0.306,0.163,7.96397807530605e-97,"0","Arhgef10l"
"Lpo2",1.98650535343215e-100,0.589741853888567,0.786,0.571,3.78806705845976e-96,"0","Lpo"
"Tram11",3.21210814412449e-99,0.628079672407622,0.81,0.63,6.12516902003098e-95,"0","Tram1"
"Rbm391",4.06804518297273e-98,1.08772381734582,0.515,0.372,7.7573553594107e-94,"0","Rbm39"
"Ddx17",8.31331583678642e-98,1.65242367915325,0.284,0.145,1.5852661969168e-93,"0","Ddx17"
"Zcchc7",2.186018306622e-97,1.56436224612193,0.329,0.189,4.1685183088975e-93,"0","Zcchc7"
"Cald11",2.86181445931254e-94,0.902965446922635,0.591,0.435,5.45719399246308e-90,"0","Cald1"
"Golgb1",2.38022844366522e-93,1.2917821734605,0.455,0.328,4.53885761922522e-89,"0","Golgb1"
"Mob3b",4.2123638203366e-93,1.46026717935136,0.381,0.248,8.03255656899986e-89,"0","Mob3b"
"Syne2",9.93938305456252e-93,1.60648394244869,0.307,0.172,1.89534095467453e-88,"0","Syne2"
"Oxr1",9.52437735630369e-90,1.52073476858846,0.354,0.221,1.81620351807355e-85,"0","Oxr1"
"Msi2",1.45516911095118e-89,1.43935340305974,0.371,0.24,2.7748619776728e-85,"0","Msi2"
"Mycbp2",1.20146822296537e-87,1.45597769927423,0.35,0.219,2.29107975437267e-83,"0","Mycbp2"
"Appl2",2.24471530641225e-87,1.59227109009725,0.269,0.14,4.28044761779753e-83,"0","Appl2"
"Shank21",2.62745426895367e-87,1.49679409458045,0.315,0.183,5.01029254546776e-83,"0","Shank2"
"Arglu1",3.04945013027191e-87,1.62008651015041,0.266,0.137,5.81499645341551e-83,"0","Arglu1"
"Usp34",8.12398964524281e-87,1.53993504070888,0.305,0.174,1.54916358545135e-82,"0","Usp34"
"Ogt",3.2350416874817e-86,1.54451749545393,0.299,0.168,6.16890099385886e-82,"0","Ogt"
"Ptprk",5.74393717840484e-86,1.35763002698203,0.38,0.25,1.09531138055002e-81,"0","Ptprk"
"Palmd1",6.05912948300035e-86,0.846618904419331,0.58,0.424,1.15541540111334e-81,"0","Palmd"
"Golga4",9.52392100347777e-86,1.63133014040254,0.302,0.174,1.81611649615318e-81,"0","Golga4"
"Macf1",1.31331650142803e-85,1.45851078053261,0.354,0.224,2.50436323657312e-81,"0","Macf1"
"Thrb",1.17223471822447e-84,1.48792212046038,0.331,0.201,2.23533438418225e-80,"0","Thrb"
"Ivns1abp",3.05955909638686e-84,1.30385130332057,0.421,0.301,5.8342732409001e-80,"0","Ivns1abp"
"Eif4g1",6.99835450866445e-84,1.2724288915324,0.389,0.263,1.33451622125722e-79,"0","Eif4g1"
"Hsp90b11",4.49623837867131e-83,0.75850651717757,0.595,0.453,8.57387696428831e-79,"0","Hsp90b1"
"Ankrd17",6.29748289933107e-83,1.4750746683374,0.307,0.179,1.20086701407344e-78,"0","Ankrd17"
"Dgkg",1.17584311093166e-82,1.5689321036279,0.282,0.156,2.24221522823559e-78,"0","Dgkg"
"Klf12",5.89784787644994e-82,1.42730220484877,0.32,0.192,1.12466061156024e-77,"0","Klf12"
"Mlph",6.90646139398352e-82,1.4280166403974,0.349,0.224,1.31699312321872e-77,"0","Mlph"
"Rere",1.91034442555041e-81,1.51134720995973,0.318,0.194,3.64283578508207e-77,"0","Rere"
"Slc23a2",2.19341946502863e-81,1.48229958429575,0.354,0.23,4.18263157786309e-77,"0","Slc23a2"
"Agap1",3.19534653340573e-81,1.46924583232815,0.327,0.202,6.09320630455139e-77,"0","Agap1"
"Ccnl2",4.91215784574914e-81,1.67900481206305,0.252,0.132,9.36699379605904e-77,"0","Ccnl2"
"Nedd4",6.38433960536943e-81,1.29810000817566,0.396,0.277,1.2174297193479e-76,"0","Nedd4"
"Prkn",2.82333797570643e-79,1.64108720072248,0.263,0.142,5.38382318587458e-75,"0","Prkn"
"Rbm26",3.1245083182562e-79,1.57015798824767,0.284,0.162,5.95812491208274e-75,"0","Rbm26"
"Kmt2c",3.77742597123045e-79,1.46001701276553,0.301,0.176,7.20317358453935e-75,"0","Kmt2c"
"Kcnq1ot1",7.69375966285129e-79,1.46687941331568,0.309,0.183,1.46712303010911e-74,"0","Kcnq1ot1"
"Wnk2",1.51052786068002e-78,1.49469767272301,0.292,0.169,2.88042557753074e-74,"0","Wnk2"
"Nsd1",5.76262977870519e-78,1.6092745363278,0.255,0.136,1.09887587250129e-73,"0","Nsd1"
"Ptprt",9.03123986310064e-78,1.5139975875231,0.333,0.211,1.72216712949466e-73,"0","Ptprt"
"Tcn21",1.42976046860131e-77,0.490659716349791,0.832,0.645,2.72641023757584e-73,"0","Tcn2"
"Tns3",3.46745664475508e-77,1.4733415854584,0.333,0.212,6.61209307588346e-73,"0","Tns3"
"Pam",9.02929539852258e-76,1.15758596519364,0.448,0.333,1.72179633954427e-71,"0","Pam"
"Birc6",1.29495113210629e-75,1.45437780520775,0.285,0.164,2.46934231381349e-71,"0","Birc6"
"Gigyf2",1.43378160173113e-75,1.55521465877864,0.271,0.154,2.7340781363411e-71,"0","Gigyf2"
"Mtus1",5.02759668997258e-75,1.40061552597648,0.339,0.219,9.58712412810872e-71,"0","Mtus1"
"Cadps2",9.03922848873526e-75,1.44238022745574,0.314,0.195,1.72369048051693e-70,"0","Cadps2"
"Kcnn41",1.82401405429933e-74,0.429852260761707,0.924,0.789,3.47821240014339e-70,"0","Kcnn4"
"Setbp11",3.84150259536351e-74,1.43735021190483,0.3,0.181,7.32536129909867e-70,"0","Setbp1"
"Fbxl17",4.27746192962223e-74,1.50735017110578,0.286,0.168,8.15669215359662e-70,"0","Fbxl17"
"Tbc1d8",4.20044226666057e-73,1.55778784403765,0.266,0.151,8.00982335829503e-69,"0","Tbc1d8"
"Chd9",4.20092449688456e-73,1.56950818388756,0.25,0.135,8.01074292310916e-69,"0","Chd9"
"Ehf1",4.46107645734175e-73,1.0030688474492,0.499,0.38,8.50682669650498e-69,"0","Ehf"
"Atp2a21",9.10349976332297e-73,0.813146877956997,0.495,0.361,1.73594636986806e-68,"0","Atp2a2"
"Pabpn1",2.89151229898024e-72,1.35481036521042,0.37,0.261,5.51382480292543e-68,"0","Pabpn1"
"Meis21",3.59145251388886e-72,1.30069909871582,0.398,0.286,6.84854079873467e-68,"0","Meis2"
"Cped1",8.0325132185178e-72,1.58769860479247,0.254,0.14,1.53171994563916e-67,"0","Cped1"
"Tpd521",1.29202473569064e-71,0.713798323593799,0.667,0.536,2.46376196848847e-67,"0","Tpd52"
"Pard3",2.942160063249e-70,1.40592080827992,0.306,0.189,5.61040502460953e-66,"0","Pard3"
"Sec31a",4.12850645051177e-70,1.27167905001818,0.365,0.25,7.8726489504809e-66,"0","Sec31a"
"Fndc3a1",4.62214961517894e-70,1.11743794105363,0.425,0.314,8.81397710118473e-66,"0","Fndc3a"
"Phlpp11",4.7955928930465e-70,1.33106424142495,0.311,0.195,9.14471608775037e-66,"0","Phlpp1"
"Gbf1",1.63540665742751e-69,1.2607212319666,0.366,0.252,3.11855695504853e-65,"0","Gbf1"
"Utrn",3.53370094816098e-69,1.43774263074591,0.272,0.158,6.73841433804817e-65,"0","Utrn"
"Tbc1d4",1.77772902371555e-68,1.43598597464305,0.293,0.179,3.38995147532318e-64,"0","Tbc1d4"
"Gnaq",2.89342041053198e-68,1.41294994620017,0.304,0.191,5.51746338084344e-64,"0","Gnaq"
"Nsd31",5.67019883912116e-68,1.34720223691448,0.354,0.245,1.08125021663201e-63,"0","Nsd3"
"Atp1b11",1.21922725173711e-67,0.522065526651717,0.853,0.692,2.3249444463375e-63,"0","Atp1b1"
"Atrx",1.4052327528289e-67,1.35421725408989,0.311,0.198,2.67963833636943e-63,"0","Atrx"
"Magi31",7.43848627872477e-67,1.30239692835989,0.345,0.233,1.41844494849003e-62,"0","Magi3"
"Galnt10",9.88034227974747e-67,1.48009100511552,0.274,0.164,1.88408246932505e-62,"0","Galnt10"
"Arhgap29",4.45068400372249e-65,1.37703689034997,0.306,0.195,8.48700932669841e-61,"0","Arhgap29"
"Dnm2",5.40502620947025e-65,1.40670413868377,0.283,0.173,1.03068444788388e-60,"0","Dnm2"
"Stard13",1.0387956551026e-64,1.43360766929887,0.272,0.162,1.98087943471515e-60,"0","Stard13"
"Ica1",4.08724786411607e-64,1.37119815034225,0.339,0.234,7.79397295208293e-60,"0","Ica1"
"Nucb2",4.60717748395581e-64,0.517479267163364,0.78,0.626,8.78542674415534e-60,"0","Nucb2"
"Phkb",1.48523102066592e-63,1.40022865588015,0.281,0.173,2.83218703330784e-59,"0","Phkb"
"Kif16b",3.02590569280995e-63,1.32529216683879,0.291,0.182,5.7700995656193e-59,"0","Kif16b"
"Ano1",3.08757094137531e-63,1.36132368827588,0.309,0.2,5.88768902810858e-59,"0","Ano1"
"Map3k11",6.73759653057591e-62,1.20757291960475,0.371,0.266,1.28479228241552e-57,"0","Map3k1"
"Foxn3",9.10389193137291e-62,1.36674515902706,0.272,0.165,1.7360211523935e-57,"0","Foxn3"
"Brwd11",1.03364239038276e-61,1.36532599439442,0.274,0.168,1.97105267422088e-57,"0","Brwd1"
"Kif1b1",1.49065203448992e-61,1.23752808243586,0.364,0.261,2.84252436456882e-57,"0","Kif1b"
"Cpeb41",7.02020205798544e-61,1.31341730298324,0.298,0.191,1.33868233043724e-56,"0","Cpeb4"
"Epha51",1.07907601419297e-60,1.3289778957521,0.302,0.195,2.05769005146458e-56,"0","Epha5"
"Rbm251",1.838457872806e-60,1.39515270878795,0.286,0.181,3.50575531765377e-56,"0","Rbm25"
"Nbas",2.98309131917278e-60,1.4173772274435,0.254,0.151,5.68845683653058e-56,"0","Nbas"
"Qsox11",1.05441202564106e-59,0.854451510812655,0.477,0.374,2.01065829169494e-55,"0","Qsox1"
"Srsf11",2.0452109596447e-59,1.38593395958748,0.276,0.173,3.90001277894647e-55,"0","Srsf11"
"Smim14",2.38067729078744e-59,0.556734948453219,0.833,0.709,4.53971352580257e-55,"0","Smim14"
"Myo5c",1.24161677350447e-58,1.41052728851471,0.263,0.16,2.36763902539568e-54,"0","Myo5c"
"Etv61",1.49924352218587e-57,1.2307792784694,0.354,0.254,2.85890747245624e-53,"0","Etv6"
"Sel1l1",2.25539865176145e-57,1.16198273228123,0.37,0.271,4.3008196890439e-53,"0","Sel1l"
"Tcf25",2.02378588549286e-56,1.05037416982962,0.423,0.332,3.85915730504633e-52,"0","Tcf25"
"Pip5k1b1",3.2756193726629e-56,1.27625262830799,0.334,0.234,6.24627858173088e-52,"0","Pip5k1b"
"Srsf51",5.27913971698058e-56,1.27405537991312,0.332,0.235,1.00667915263103e-51,"0","Srsf5"
"Hnrnpu1",5.67648104743704e-56,1.24623272027476,0.291,0.189,1.08244817093577e-51,"0","Hnrnpu"
"Hnrnpa2b12",1.13041339973304e-55,0.933962527574167,0.453,0.359,2.15558531195094e-51,"0","Hnrnpa2b1"
"Ripor2",1.6474058667278e-55,1.40769235924547,0.255,0.156,3.14143824726325e-51,"0","Ripor2"
"Map71",6.3130458462219e-55,1.37212366246338,0.264,0.165,1.20383471241605e-50,"0","Map7"
"Akap9",1.15617435330771e-54,1.18865526805859,0.366,0.273,2.20470887432248e-50,"0","Akap9"
"Etl4",1.30595287536575e-54,1.39055331303878,0.275,0.177,2.49032153803495e-50,"0","Etl4"
"Phlda11",1.14694475629756e-53,0.36720944932062,0.957,0.87,2.18710895578381e-49,"0","Phlda1"
"Tmbim61",1.22830988262829e-53,0.443454332148157,0.805,0.663,2.34226411518388e-49,"0","Tmbim6"
"Vgll41",2.21301156444653e-53,1.27891574650608,0.305,0.208,4.21999175224309e-49,"0","Vgll4"
"Srpra1",5.22444354357726e-53,0.519490831204179,0.676,0.54,9.96249139324748e-49,"0","Srpra"
"Akap131",1.1457168621245e-52,1.12782291105038,0.359,0.264,2.1847674843852e-48,"0","Akap13"
"Trip111",2.62148645489259e-52,1.17258407456339,0.339,0.244,4.99891252083468e-48,"0","Trip11"
"Ncoa1",1.63581671553874e-51,1.33671801988738,0.258,0.163,3.11933889486083e-47,"0","Ncoa1"
"Sidt1",3.65119257495978e-50,1.35524047408631,0.252,0.159,6.96245912119081e-46,"0","Sidt1"
"Trim33",8.00342978031802e-50,1.36757253635507,0.253,0.161,1.52617402480884e-45,"0","Trim33"
"Sec61a11",1.44985848379227e-49,0.964638440919296,0.402,0.313,2.76473514274348e-45,"0","Sec61a1"
"Shroom31",1.63331485246346e-49,1.13129248027358,0.351,0.259,3.11456809216258e-45,"0","Shroom3"
"Stag11",1.78012111346381e-48,1.27811551710902,0.259,0.166,3.39451295126414e-44,"0","Stag1"
"H2aj",2.90062540257959e-48,0.419713742260023,0.967,0.915,5.53120258017902e-44,"0","H2aj"
"Arfgef31",5.47510495403053e-48,1.23367561146559,0.262,0.169,1.04404776368408e-43,"0","Arfgef3"
"Epb411",5.64082911716079e-48,1.18687744741719,0.274,0.18,1.07564970435139e-43,"0","Epb41"
"Cpeb31",1.95730180539874e-47,1.2141445147708,0.306,0.214,3.73237881271487e-43,"0","Cpeb3"
"Tacc21",4.17475352100798e-47,0.354588326174944,0.561,0.407,7.96083748921012e-43,"0","Tacc2"
"Trim24",1.20132953815379e-46,1.33128671450831,0.257,0.168,2.29081529630547e-42,"0","Trim24"
"Itga61",2.27890658753158e-46,1.17510557204643,0.291,0.198,4.34564697176396e-42,"0","Itga6"
"Mcc1",6.97962915773578e-46,1.28551465055206,0.259,0.169,1.33094548408864e-41,"0","Mcc"
"Car121",8.12246650428745e-46,1.18735974343558,0.281,0.192,1.54887313770257e-41,"0","Car12"
"Spint22",2.96037656243541e-45,0.402975161054426,0.892,0.767,5.64514206690809e-41,"0","Spint2"
"Atp5f1a1",2.97067318523928e-45,0.451679934917682,0.633,0.513,5.66477669693278e-41,"0","Atp5f1a"
"Lcp1",1.59621601051962e-44,1.18036637442525,0.283,0.195,3.04382431045986e-40,"0","Lcp1"
"Mia3",3.76175212669514e-44,1.0169227975869,0.386,0.308,7.17328513039497e-40,"0","Mia3"
"Copa",1.85548660563687e-43,1.1489016089462,0.283,0.197,3.53822740828895e-39,"0","Copa"
"Osbp1",4.67634717699543e-43,1.13611700952534,0.308,0.223,8.91732643181259e-39,"0","Osbp"
"Ppp3ca1",1.2130008670408e-41,1.23137048473721,0.288,0.205,2.31307135336009e-37,"0","Ppp3ca"
"Kmt2e1",4.07274653862174e-41,1.21035532597395,0.256,0.173,7.76632037449779e-37,"0","Kmt2e"
"Psme41",4.61662534506921e-41,1.14734210106333,0.292,0.21,8.80344287051248e-37,"0","Psme4"
"Rpl42",4.72389198661479e-41,0.36384000845186,0.848,0.704,9.00798962927575e-37,"0","Rpl4"
"Mon2",4.94414517257163e-41,1.26533946674609,0.253,0.171,9.42799042957684e-37,"0","Mon2"
"Slc1a5",7.83612205108368e-41,1.10625808049545,0.274,0.189,1.49427011392115e-36,"0","Slc1a5"
"Ncor12",9.22657089063493e-41,1.09890990925459,0.319,0.238,1.75941480313517e-36,"0","Ncor1"
"Ppp2r3a",1.11563575852853e-40,1.24652892611162,0.266,0.184,2.12740582793805e-36,"0","Ppp2r3a"
"Cd441",1.19333172684469e-40,1.00459822860562,0.358,0.279,2.27556426992014e-36,"0","Cd44"
"Dnajc31",2.86104660595403e-39,0.397567915161704,0.788,0.655,5.45572977289374e-35,"0","Dnajc3"
"Ubr21",4.19382965543462e-39,1.15469403884758,0.266,0.185,7.99721376994828e-35,"0","Ubr2"
"Ifrd11",2.09767806956051e-37,0.348079176508599,0.617,0.473,4.00006231084493e-33,"0","Ifrd1"
"Dennd2b1",4.16051396481059e-37,1.09679871195467,0.272,0.192,7.93368407949731e-33,"0","Dennd2b"
"Erbin1",4.79690653296741e-37,1.0740153331304,0.287,0.207,9.14722106771555e-33,"0","Erbin"
"A830018L16Rik1",5.27095854680358e-37,1.22728120984766,0.264,0.187,1.00511908528997e-32,"0","A830018L16Rik"
"Eif5b",2.40354420169716e-36,0.914476576900561,0.417,0.35,4.58331843821632e-32,"0","Eif5b"
"Atp5f1b2",6.37687669543138e-36,0.295007000764151,0.852,0.7,1.21600661705181e-31,"0","Atp5f1b"
"Esrp11",1.05400946869679e-34,1.12962986606693,0.255,0.179,2.00989065585791e-30,"0","Esrp1"
"Bclaf11",1.13837181573682e-34,1.09447598658838,0.252,0.176,2.17076121542853e-30,"0","Bclaf1"
"Casz11",1.55843837947439e-34,1.16859308054786,0.264,0.19,2.97178614581971e-30,"0","Casz1"
"Srrm1",3.32295028249002e-34,1.14221513085557,0.293,0.222,6.33653389368022e-30,"0","Srrm1"
"Eif3a",5.2365240024002e-34,0.976686348663369,0.361,0.296,9.98552762017693e-30,"0","Eif3a"
"Xbp11",6.86729534294314e-34,0.511699025015956,0.584,0.492,1.30952454894583e-29,"0","Xbp1"
"Lrrfip11",7.62019718661614e-34,1.11336394297752,0.27,0.197,1.45309540151583e-29,"0","Lrrfip1"
"Bcar31",1.83235222908367e-33,1.07912938171628,0.266,0.191,3.49411246563965e-29,"0","Bcar3"
"Rassf32",1.35590632220436e-32,1.02785871513795,0.273,0.2,2.5855777658115e-28,"0","Rassf3"
"Clstn11",2.08210699556247e-32,0.941288207300493,0.334,0.264,3.97036982983808e-28,"0","Clstn1"
"Alcam1",5.5934702037422e-32,1.07091140958606,0.265,0.192,1.0666188331516e-27,"0","Alcam"
"Ar1",3.60684429115361e-31,1.02294258808098,0.354,0.294,6.87789137880081e-27,"0","Ar"
"Plet11",4.31119680880188e-31,0.370241615734346,0.784,0.659,8.22102119470431e-27,"0","Plet1"
"Spag92",1.78717041740142e-30,0.973021634271421,0.3,0.231,3.40795526894276e-26,"0","Spag9"
"Vcp1",4.47285138606791e-30,0.956106085538292,0.311,0.243,8.52928030809291e-26,"0","Vcp"
"Hectd1",6.56756855179533e-30,1.05536033965079,0.291,0.225,1.25236964714185e-25,"0","Hectd1"
"Tex151",6.99107526484713e-30,1.03796363789538,0.299,0.232,1.3331281422537e-25,"0","Tex15"
"Stxbp62",2.36408344464782e-29,1.06682491461227,0.264,0.196,4.50807072059894e-25,"0","Stxbp6"
"Arfgap31",3.16160784571778e-29,0.919739477707652,0.352,0.294,6.02887000099924e-25,"0","Arfgap3"
"Eef1g1",3.60231692307023e-29,0.40576244375345,0.597,0.501,6.86925814060263e-25,"0","Eef1g"
"Gnas2",1.8084065689387e-27,0.280446359136294,0.897,0.766,3.44845048630922e-23,"0","Gnas"
"Cobll11",3.97601663654074e-27,0.994330613243725,0.268,0.203,7.58186612421954e-23,"0","Cobll1"
"Gmds2",3.61879201044759e-25,1.0149914503854,0.309,0.252,6.9006744847225e-21,"0","Gmds"
"Sec63",5.87858169715783e-25,0.96563324675673,0.304,0.248,1.12098674383103e-20,"0","Sec63"
"Itpkb1",1.31311827906503e-24,0.960506300514965,0.262,0.201,2.5039852463491e-20,"0","Itpkb"
"Uso11",1.61149813223689e-24,0.894762821556634,0.298,0.238,3.07296578836253e-20,"0","Uso1"
"Galnt3",2.04343755518153e-24,0.899277280511441,0.35,0.303,3.89663107397566e-20,"0","Galnt3"
"Arhgap5",2.07136061022273e-24,0.971148863325038,0.324,0.273,3.94987754763372e-20,"0","Arhgap5"
"Serp1",4.07149868975543e-24,0.307945882948632,0.921,0.828,7.76394085149463e-20,"0","Serp1"
"Sp100",1.44996066415017e-23,1.073120083309,0.256,0.2,2.76492999046796e-19,"0","Sp100"
"Eif4g22",2.92910470843079e-23,0.524868883077049,0.477,0.418,5.58550976850668e-19,"0","Eif4g2"
"Rab27b",5.059797226454e-23,0.98811326896993,0.354,0.315,9.64852733112514e-19,"0","Rab27b"
"Eif2ak31",7.11809949393278e-23,0.922097081641376,0.258,0.2,1.35735039249804e-18,"0","Eif2ak3"
"Pitpnc11",1.87251314471971e-22,0.981241265360691,0.275,0.219,3.57069531566602e-18,"0","Pitpnc1"
"Dstn1",1.03448025077412e-21,0.29415810250697,0.712,0.605,1.97265039020116e-17,"0","Dstn"
"Ube2h1",1.17477600887789e-21,0.898557136074463,0.291,0.236,2.24018037132926e-17,"0","Ube2h"
"Fam13a1",3.59628159636188e-20,0.664026475668295,0.296,0.238,6.85774937610247e-16,"0","Fam13a"
"Chpt11",5.89700102516641e-19,0.285877402648047,0.904,0.815,1.12449912548898e-14,"0","Chpt1"
"Homer22",8.38199744603333e-19,0.915437146950303,0.278,0.229,1.59836309298409e-14,"0","Homer2"
"Nipal21",3.42729055144439e-18,0.930719231768202,0.299,0.257,6.5355003525493e-14,"0","Nipal2"
"Bhlha151",7.29413661635378e-17,0.740192966617071,0.325,0.284,1.3909189113725e-12,"0","Bhlha15"
"Trabd1",3.86235452727275e-16,0.614710048375934,0.404,0.373,7.36512384805641e-12,"0","Trabd"
"Lman11",8.54914638249466e-16,0.451838142318106,0.498,0.454,1.63023672367791e-11,"0","Lman1"
"Slc17a51",2.82451605159967e-15,0.807942903000531,0.263,0.22,5.38606965879541e-11,"0","Slc17a5"
"Larp1b1",9.70152079925468e-15,0.809357479229478,0.295,0.257,1.84998300120988e-10,"0","Larp1b"
"Csnk1a11",1.24166947223445e-14,0.728444628670072,0.34,0.309,2.36773951660387e-10,"0","Csnk1a1"
"Mlec1",7.88582903796189e-14,0.751898263406247,0.285,0.248,1.50374873924895e-09,"0","Mlec"
"Ccl28",9.79742213337453e-14,0.830424344653291,0.268,0.23,1.86827042661319e-09,"0","Ccl28"
"Bckdha1",3.84847485530173e-13,0.694776479043508,0.298,0.263,7.33865670157487e-09,"0","Bckdha"
"Ero1b1",1.01302192044209e-12,0.761894910504009,0.262,0.224,1.93173150009101e-08,"0","Ero1b"
"H13",1.48299133213854e-12,0.493764873225793,0.451,0.425,2.82791617125498e-08,"0","H13"
"Canx",2.14043527887869e-12,0.757046030233428,0.295,0.263,4.08159603329378e-08,"0","Canx"
"Abcf12",1.71653452527661e-11,0.74508166149061,0.26,0.228,3.27325968624997e-07,"0","Abcf1"
"Aopep1",2.83769658124913e-11,0.723101582217617,0.283,0.25,5.41120361078396e-07,"0","Aopep"
"Herpud11",3.69597355104834e-11,0.252228406916646,0.573,0.509,7.04785196449408e-07,"0","Herpud1"
"Ell21",5.29394279458682e-11,0.763076096909768,0.264,0.233,1.00950195149976e-06,"0","Ell2"
"Ctsd1",6.40296967133834e-11,0.497743849805371,0.416,0.392,1.22098228662751e-06,"0","Ctsd"
"Gpr1551",1.16995256622546e-10,0.638522924647013,0.353,0.331,2.23098254853533e-06,"0","Gpr155"
"B4galt11",1.30532000411055e-10,0.672145591527493,0.254,0.218,2.48911471583841e-06,"0","B4galt1"
"Sec621",1.7989405700763e-10,0.253573584758331,0.588,0.523,3.43039977307849e-06,"0","Sec62"
"Clcn31",1.10933488278433e-09,0.598858378654708,0.282,0.253,2.11539068798144e-05,"0","Clcn3"
"Rab2a1",8.70101114270559e-09,0.305181686894559,0.572,0.533,0.000165919581480253,"0","Rab2a"
"Atp6v0b1",9.23711400838209e-09,0.313829984972061,0.569,0.534,0.000176142527025838,"0","Atp6v0b"
"Pmm21",1.20773573065248e-08,0.737919249249729,0.28,0.261,0.000230303126478122,"0","Pmm2"
"Gm53234",1.52536933328646e-08,0.743978983242855,0.321,0.31,0.000290872678164395,"0","Gm53234"
"Ubxn41",4.15930820064957e-08,0.695045294009126,0.288,0.268,0.000793138480781866,"0","Ubxn4"
"Tm9sf31",4.76260074756494e-08,0.594881316805654,0.357,0.347,0.000908180336553158,"0","Tm9sf3"
"Larp41",5.67167412541832e-08,0.731297067459596,0.265,0.243,0.00108153153897602,"0","Larp4"
"Pcmtd11",2.17973553063766e-07,0.703843381608346,0.296,0.282,0.00415653768337295,"0","Pcmtd1"
"Barx21",3.33554914737975e-07,0.696293082578202,0.303,0.292,0.00636055866913844,"0","Barx2"
"Asns1",4.52818105583899e-07,0.321732772074825,0.501,0.474,0.00863478845537937,"0","Asns"
"Gpcpd11",8.67194874091872e-07,0.402360011806123,0.335,0.314,0.0165365390540579,"0","Gpcpd1"
